# Decimated stylized dodo (Raphos Geometry examples). Original: raphos-website/artifacts/dodo.
v 0 0.20341 -0.56813
v 0.09158 0.20937 -0.53968
v 0.06749 0.25223 -0.56868
v 0.02856 0.28874 -0.57512
v -0.03808 0.2851 -0.57447
v -0.06749 0.25223 -0.56868
v -0.08073 0.20538 -0.54831
v -0.04543 0.1327 -0.5476
v 0.03635 0.12814 -0.5468
v 0.20542 0.20244 -0.51499
v 0.12662 0.29259 -0.53172
v 0.09264 0.35588 -0.56303
v 0.03973 0.3894 -0.56894
v 0 0.39577 -0.57006
v -0.05824 0.38006 -0.5673
v -0.14434 0.35897 -0.53089
v -0.13049 0.29578 -0.53552
v -0.12346 0.20677 -0.53826
v -0.13763 0.12834 -0.53778
v -0.14218 0.07867 -0.51119
v -0.05824 0.0377 -0.50693
v 0.01986 0.02518 -0.50472
v 0.09264 0.06188 -0.51119
v 0.12962 0.12862 -0.5319
v 0.18909 0.30381 -0.5388
v 0.18797 0.3566 -0.52945
v 0.11219 0.45217 -0.54095
v 0.02904 0.48412 -0.54658
v -0.05808 0.47946 -0.54576
v -0.11219 0.45217 -0.54095
v -0.21624 0.35231 -0.53341
v -0.21674 0.28627 -0.51169
v -0.22297 0.20357 -0.51126
v -0.22438 0.14352 -0.52654
v -0.21952 0.06194 -0.4354
v -0.15494 0.06004 -0.44483
v -0.11219 -0.02104 -0.45751
v -0.05808 -0.04834 -0.45269
v 0.02904 -0.05299 -0.45187
v 0.11219 -0.02104 -0.45751
v 0.18762 0.05995 -0.44587
v 0.20683 0.14157 -0.53121
v 0.24633 0.18651 -0.47704
v 0.29539 0.3237 -0.45953
v 0.27239 0.36746 -0.44347
v 0.20398 0.47299 -0.4916
v 0.10945 0.54635 -0.50454
v 0 0.57586 -0.50974
v -0.07466 0.56389 -0.50763
v -0.14423 0.5288 -0.50144
v -0.20398 0.47299 -0.4916
v -0.22312 0.38015 -0.44796
v -0.32722 0.28994 -0.44461
v -0.32641 0.19156 -0.4492
v -0.31321 0.12309 -0.43935
v -0.20398 -0.02373 -0.40402
v -0.13501 -0.06104 -0.36043
v -0.05079 -0.12569 -0.35842
v 0.02401 -0.1327 -0.36008
v 0.0959 -0.11772 -0.35094
v 0.11965 -0.04532 -0.35192
v 0.20398 -0.02373 -0.40402
v 0.26472 0.06657 -0.43009
v 0.285 0.12691 -0.44817
v 0.34014 0.21503 -0.36357
v 0.33206 0.34414 -0.40352
v 0.29772 0.44509 -0.42132
v 0.24309 0.53179 -0.43661
v 0.17189 0.59831 -0.44834
v 0.08898 0.64012 -0.45571
v 0 0.65438 -0.45823
v -0.08898 0.64012 -0.45571
v -0.17189 0.59831 -0.44834
v -0.24309 0.53179 -0.43661
v -0.29772 0.44509 -0.42132
v -0.30283 0.34967 -0.42512
v -0.33869 0.21337 -0.35762
v -0.31021 0.12267 -0.36421
v -0.29772 0.02652 -0.34752
v -0.24309 -0.06017 -0.33223
v -0.1316 -0.13038 -0.32999
v -0.08898 -0.16851 -0.31313
v 0 -0.18277 -0.31062
v 0.10396 -0.20675 -0.30963
v 0.17189 -0.12669 -0.3205
v 0.24309 -0.06017 -0.33223
v 0.27504 0.04989 -0.36138
v 0.32991 0.14329 -0.36755
v 0.35429 0.24505 -0.30372
v 0.3754 0.37123 -0.33259
v 0.33658 0.48536 -0.35271
v 0.27481 0.58336 -0.36999
v 0.19432 0.65856 -0.38325
v 0.10059 0.70584 -0.39158
v 0 0.72196 -0.39443
v -0.10059 0.70584 -0.39158
v -0.19432 0.65856 -0.38325
v -0.27481 0.58336 -0.36999
v -0.33658 0.48536 -0.35271
v -0.3754 0.37123 -0.33259
v -0.38865 0.24875 -0.31099
v -0.3754 0.12628 -0.28939
v -0.33658 0.01215 -0.26927
v -0.27481 -0.08586 -0.25199
v -0.21463 -0.13898 -0.25048
v -0.10059 -0.20833 -0.23039
v 0 -0.22446 -0.22755
v 0.10059 -0.20833 -0.23039
v 0.20392 -0.13509 -0.26373
v 0.27481 -0.08586 -0.25199
v 0.33658 0.01215 -0.26927
v 0.3754 0.12628 -0.28939
v 0.42146 0.29796 -0.16842
v 0.40734 0.39597 -0.25318
v 0.36521 0.51981 -0.27501
v 0.29819 0.62615 -0.29376
v 0.21085 0.70775 -0.30815
v 0.10915 0.75905 -0.3172
v 0 0.77654 -0.32028
v -0.10915 0.75905 -0.3172
v -0.21085 0.70775 -0.30815
v -0.29819 0.62615 -0.29376
v -0.36521 0.51981 -0.27501
v -0.40734 0.39597 -0.25318
v -0.40874 0.29796 -0.16842
v -0.39587 0.12466 -0.17803
v -0.39 0.04435 -0.1669
v -0.28536 -0.12149 -0.18064
v -0.21085 -0.18159 -0.15134
v -0.10915 -0.23289 -0.14229
v 0 -0.25038 -0.13921
v 0.10915 -0.23289 -0.14229
v 0.21085 -0.18159 -0.15134
v 0.28536 -0.12149 -0.18064
v 0.37775 0.03714 -0.17023
v 0.43109 0.12466 -0.17803
v 0.44437 0.31702 -0.12757
v 0.42689 0.41762 -0.16771
v 0.38274 0.5474 -0.1906
v 0.31251 0.65885 -0.21025
v 0.22098 0.74437 -0.22533
v 0.11439 0.79813 -0.23481
v 0 0.81646 -0.23804
v -0.11439 0.79813 -0.23481
v -0.22098 0.74437 -0.22533
v -0.31251 0.65885 -0.21025
v -0.38274 0.5474 -0.1906
v -0.42689 0.41762 -0.16771
v -0.4544 0.3115 -0.12638
v -0.37413 0.1337 -0.13172
v -0.3915 0.03142 -0.10944
v -0.3103 -0.1139 -0.10557
v -0.22098 -0.18767 -0.06098
v -0.11439 -0.24143 -0.0515
v 0.01819 -0.29034 0.00267
v 0.11439 -0.24143 -0.0515
v 0.22098 -0.18767 -0.06098
v 0.3103 -0.1139 -0.10557
v 0.37999 0.03728 -0.10725
v 0.46883 0.12521 -0.11746
v 0.44877 0.29409 -0.05385
v 0.44413 0.45909 -0.10088
v 0.38865 0.5673 -0.10203
v 0.31733 0.68047 -0.12198
v 0.22439 0.7673 -0.13729
v 0.11615 0.82189 -0.14692
v 0 0.84051 -0.1502
v -0.11615 0.82189 -0.14692
v -0.22439 0.7673 -0.13729
v -0.31733 0.68047 -0.12198
v -0.41999 0.52588 -0.08126
v -0.46015 0.4578 -0.09846
v -0.49355 0.29838 -0.04139
v -0.48129 0.12495 -0.0201
v -0.38809 0.02975 -0.03187
v -0.31733 -0.09228 0.01428
v -0.22439 -0.17912 0.02959
v -0.11712 -0.23531 0.05608
v 0.03142 -0.27321 0.03118
v 0.10142 -0.23035 0.05178
v 0.22439 -0.17912 0.02959
v 0.31733 -0.09228 0.01428
v 0.37345 0.03084 -0.02921
v 0.46835 0.10566 -0.01999
v 0.44195 0.30984 0.03545
v 0.44421 0.46099 -0.02979
v 0.3956 0.538 -0.03101
v 0.31251 0.69034 -0.03164
v 0.22098 0.77586 -0.04672
v 0.10125 0.79077 -0.02484
v 0 0.84795 -0.05943
v -0.11439 0.82962 -0.0562
v -0.22098 0.77586 -0.04672
v -0.31251 0.69034 -0.03164
v -0.40805 0.54291 -0.02556
v -0.4082 0.46494 -0.03768
v -0.49546 0.28906 0.053
v -0.42689 0.17057 0.06001
v -0.3968 0.05358 0.04218
v -0.31251 -0.07066 0.10254
v -0.22098 -0.15618 0.11762
v -0.14393 -0.20545 0.13611
v 0 -0.22827 0.13033
v 0.12335 -0.1958 0.11426
v 0.22098 -0.15618 0.11762
v 0.31251 -0.07066 0.10254
v 0.37909 0.04992 0.04717
v 0.42689 0.17057 0.06001
v 0.452 0.28883 0.15661
v 0.46182 0.46361 0.14321
v 0.3673 0.54681 0.05214
v 0.29819 0.68818 0.05802
v 0.21085 0.76978 0.04363
v 0.11079 0.79136 0.04525
v 0 0.83857 0.0315
v -0.11697 0.78967 0.07115
v -0.21085 0.76978 0.04363
v -0.29819 0.68818 0.05802
v -0.39006 0.55802 0.03744
v -0.36975 0.45533 0.14508
v -0.38061 0.28883 0.15661
v -0.39536 0.20579 0.15097
v -0.36521 0.06838 0.16731
v -0.31625 -0.03067 0.20381
v -0.21085 -0.11956 0.20045
v -0.10915 -0.17086 0.20949
v 0 -0.18835 0.21258
v 0.10915 -0.17086 0.20949
v 0.19175 -0.13275 0.21034
v 0.29819 -0.03796 0.18606
v 0.35181 0.05825 0.14559
v 0.4362 0.20627 0.15037
v 0.38165 0.37328 0.20398
v 0.37466 0.45646 0.21277
v 0.36525 0.54625 0.14591
v 0.27481 0.67404 0.14428
v 0.16887 0.73744 0.13914
v 0.13562 0.80038 0.11569
v 0.02971 0.79596 0.12946
v -0.14344 0.78993 0.13684
v -0.19432 0.74925 0.13102
v -0.27481 0.67404 0.14428
v -0.34035 0.54007 0.13682
v -0.39213 0.45467 0.20875
v -0.39038 0.37474 0.20707
v -0.3754 0.21696 0.22488
v -0.3017 0.12743 0.24434
v -0.29886 0.03459 0.22934
v -0.19432 -0.07038 0.27555
v -0.10059 -0.11765 0.28388
v 0 -0.13378 0.28672
v 0.10059 -0.11765 0.28388
v 0.18311 -0.04025 0.30809
v 0.27481 0.00482 0.26228
v 0.33658 0.10283 0.245
v 0.3754 0.21696 0.22488
v 0.34378 0.35238 0.27672
v 0.29772 0.56167 0.23981
v 0.24309 0.64836 0.22453
v 0.16026 0.72846 0.22476
v 0.07624 0.78198 0.21705
v 0.0048 0.79328 0.21962
v -0.07443 0.78827 0.21338
v -0.15565 0.70793 0.2224
v -0.24309 0.64836 0.22453
v -0.29772 0.56167 0.23981
v -0.33206 0.46072 0.25761
v -0.31612 0.35797 0.30841
v -0.33206 0.24405 0.29582
v -0.29772 0.14309 0.31362
v -0.24309 0.0564 0.32891
v -0.14393 -0.03503 0.313
v -0.08898 -0.05193 0.34801
v 0 -0.0662 0.35052
v 0.11835 -0.03849 0.37183
v 0.27034 0.06654 0.29709
v 0.26566 0.12637 0.31713
v 0.33206 0.24405 0.29582
v 0.28847 0.36356 0.3401
v 0.27863 0.45446 0.32408
v 0.24982 0.53917 0.30914
v 0.20398 0.61192 0.29631
v 0.1147 0.69928 0.29835
v 0.04577 0.70638 0.30264
v -0.05573 0.70278 0.30265
v -0.12802 0.69941 0.29504
v -0.20398 0.61192 0.29631
v -0.24982 0.53917 0.30914
v -0.27863 0.45446 0.32408
v -0.27863 0.27265 0.35613
v -0.22207 0.21198 0.39334
v -0.20763 0.1158 0.37858
v -0.12435 0.03457 0.38836
v -0.06437 0.02796 0.38747
v 0.01802 0.02768 0.38312
v 0.10779 0.03114 0.39221
v 0.18975 0.11296 0.3967
v 0.24982 0.18794 0.37107
v 0.27863 0.27265 0.35613
v 0.18894 0.37597 0.41046
v 0.21674 0.44334 0.37905
v 0.17649 0.53752 0.36245
v 0.11219 0.60923 0.3498
v 0.01879 0.64975 0.30434
v -0.03759 0.64741 0.29634
v -0.11219 0.60923 0.3498
v -0.1336 0.53863 0.38178
v -0.19432 0.50923 0.36743
v -0.21674 0.44334 0.37905
v -0.22439 0.37263 0.39152
v -0.21674 0.30191 0.40399
v -0.14871 0.17978 0.39555
v -0.10878 0.12346 0.44512
v -0.04986 0.11577 0.46463
v 0.03287 0.11133 0.46479
v 0.1012 0.12779 0.44664
v 0.17156 0.20252 0.39844
v 0.21674 0.30191 0.40399
v 0.14059 0.45021 0.4169
v 0.09264 0.5263 0.40349
v 0.01986 0.56301 0.39701
v -0.05824 0.55049 0.39922
v -0.14059 0.45021 0.4169
v -0.15349 0.3793 0.42941
v -0.14059 0.3084 0.44191
v -0.10853 0.24716 0.45271
v -0.04932 0.19488 0.45323
v 0.0178 0.18305 0.45086
v 0.09264 0.23231 0.45533
v 0.14059 0.3084 0.44191
v 0.07616 0.3834 0.45261
v 0.03635 0.46004 0.43909
v -0.04543 0.45549 0.4399
v -0.07399 0.37154 0.4547
v -0.03808 0.30309 0.46677
v 0.02856 0.29945 0.46741
v 0.03374 0.36036 0.4607
v 0.03613 -0.21285 -0.33306
v -0.04645 -0.21173 -0.33261
v 0.12167 -0.17905 -0.3213
v 0.03078 -0.06256 -0.3547
v -0.06042 -0.04864 -0.34744
v -0.12167 -0.17905 -0.3213
v -0.14315 -0.20966 -0.29564
v -0.06683 -0.2942 -0.27984
v 0.03078 -0.29554 -0.2879
v 0.10025 -0.29677 -0.26504
v 0.17485 -0.19345 -0.28341
v 0.17604 -0.06095 -0.29848
v 0.02302 0.00722 -0.34095
v -0.04604 0.00415 -0.34007
v -0.15405 -0.0799 -0.31596
v -0.17182 -0.12341 -0.30349
v -0.13991 -0.27898 -0.25888
v -0.04604 -0.34435 -0.24014
v 0.02302 -0.34743 -0.23925
v 0.15405 -0.2603 -0.26424
v 0.1772 0.02924 -0.27318
v 0.11434 0.04289 -0.30535
v 0.02959 0.07001 -0.31312
v -0.05919 0.06605 -0.31199
v -0.13802 0.02446 -0.30006
v -0.19804 -0.042 -0.281
v -0.24206 -0.21625 -0.20279
v -0.21702 -0.27755 -0.18521
v -0.1617 -0.32195 -0.20073
v -0.11434 -0.3588 -0.19016
v -0.05919 -0.38197 -0.18352
v 0.02959 -0.38592 -0.18239
v 0.11434 -0.3588 -0.19016
v 0.17987 -0.29793 -0.20762
v 0.22088 -0.21798 -0.23054
v 0.26561 -0.04034 -0.20317
v 0.1229 0.12848 -0.28283
v 0 0.1334 -0.2748
v -0.07053 0.12398 -0.2721
v -0.15446 0.13316 -0.28384
v -0.1927 0.05244 -0.25159
v -0.24962 -0.03813 -0.22562
v -0.20528 -0.34251 -0.10561
v -0.13626 -0.38235 -0.12691
v -0.07053 -0.40996 -0.119
v 0 -0.41938 -0.1163
v 0.1034 -0.39615 -0.12296
v 0.20528 -0.34251 -0.10561
v 0.23601 -0.28118 -0.15592
v 0.26324 -0.21452 -0.17504
v 0.26682 0.03058 -0.17987
v 0.18595 0.12012 -0.20555
v 0.08313 0.19859 -0.19184
v 0 0.20969 -0.19502
v -0.08313 0.19859 -0.19184
v -0.15405 0.14495 -0.21267
v -0.21785 0.09529 -0.19843
v -0.26682 0.03058 -0.17987
v -0.29759 -0.04478 -0.15826
v -0.29759 -0.20652 -0.11188
v -0.26682 -0.28188 -0.09027
v -0.15405 -0.39625 -0.05748
v -0.07974 -0.42746 -0.04853
v 0 -0.43811 -0.04548
v 0.07974 -0.42746 -0.04853
v 0.15405 -0.39625 -0.05748
v 0.26682 -0.28188 -0.09027
v 0.29759 -0.20652 -0.11188
v 0.34232 -0.09624 -0.0325
v 0.32291 -0.01871 -0.09332
v 0.28951 0.06306 -0.11677
v 0.23639 0.13327 -0.1369
v 0.17116 0.20443 -0.11872
v -0.17116 0.20443 -0.11872
v -0.23639 0.13327 -0.1369
v -0.28951 0.06306 -0.11677
v -0.32291 -0.01871 -0.09332
v -0.3343 -0.10646 -0.06816
v -0.32291 -0.19421 -0.043
v -0.28951 -0.27598 -0.01955
v -0.23639 -0.3462 0.00058
v -0.14826 -0.38154 0.05976
v -0.06978 -0.42614 0.06109
v 0.02652 -0.43192 0.06275
v 0.08652 -0.43395 0.02574
v 0.17116 -0.3969 0.05371
v 0.23639 -0.3462 0.00058
v 0.28951 -0.27598 -0.01955
v 0.32291 -0.19421 -0.043
v 0.27557 0.12844 -0.05834
v 0.09068 0.2572 -0.09526
v 0 0.2693 -0.09873
v -0.09068 0.2572 -0.09526
v -0.24773 0.16523 -0.06889
v -0.328 0.12691 -0.03125
v -0.33841 0.00595 -0.02322
v -0.35035 -0.08601 0.00315
v -0.33841 -0.17797 0.02952
v -0.30341 -0.26367 0.05409
v -0.24773 -0.33726 0.07519
v -0.0554 -0.43432 0.12381
v 0.0187 -0.43709 0.1331
v 0.09068 -0.42922 0.10156
v 0.24773 -0.33726 0.07519
v 0.30341 -0.26367 0.05409
v 0.33841 -0.17797 0.02952
v 0.35575 -0.06492 0.0767
v 0.30809 0.11547 0.02497
v 0.28495 0.20929 -0.00648
v 0.17788 0.24754 -0.0129
v 0.09208 0.28358 -0.02323
v 0 0.29587 -0.02676
v -0.09208 0.28358 -0.02323
v -0.17788 0.24754 -0.0129
v -0.25156 0.1902 0.00354
v -0.32397 0.12896 0.03147
v -0.34363 0.02846 0.04992
v -0.35575 -0.06492 0.0767
v -0.34102 -0.14705 0.14005
v -0.30809 -0.24532 0.12843
v -0.25156 -0.32004 0.14985
v -0.14508 -0.36299 0.14825
v -0.09425 -0.41144 0.15618
v 0.11581 -0.38496 0.1452
v 0.16743 -0.3565 0.1638
v 0.25156 -0.32004 0.14985
v 0.30809 -0.24532 0.12843
v 0.34102 -0.14705 0.14005
v 0.35035 -0.04383 0.15025
v 0.29646 0.13998 0.13613
v 0.24773 0.20741 0.0782
v 0.17517 0.26388 0.06201
v 0.09068 0.29937 0.05183
v 0 0.31148 0.04836
v -0.09068 0.29937 0.05183
v -0.17517 0.26388 0.06201
v -0.24773 0.20741 0.0782
v -0.29646 0.13998 0.13613
v -0.33841 0.04813 0.12388
v -0.35035 -0.04383 0.15025
v -0.30341 -0.22149 0.20119
v -0.21027 -0.2725 0.22649
v -0.14478 -0.385 0.2275
v -0.09068 -0.38704 0.24866
v 0 -0.39915 0.25213
v 0.11183 -0.4024 0.22874
v 0.16714 -0.35992 0.23622
v 0.24773 -0.29508 0.22229
v 0.30341 -0.22149 0.20119
v 0.3343 -0.02339 0.22156
v 0.32291 0.06436 0.1964
v 0.23639 0.21635 0.15282
v 0.16715 0.27023 0.13737
v 0.08652 0.3041 0.12766
v 0 0.31565 0.12434
v -0.08652 0.3041 0.12766
v -0.16715 0.27023 0.13737
v -0.23639 0.21635 0.15282
v -0.32291 -0.11114 0.24672
v -0.28951 -0.1929 0.27017
v -0.21025 -0.28389 0.30347
v -0.16715 -0.317 0.30575
v -0.08652 -0.35087 0.31547
v 0 -0.36242 0.31878
v 0.11374 -0.37451 0.31375
v 0.18717 -0.30185 0.30861
v 0.23639 -0.26312 0.2903
v 0.28951 -0.1929 0.27017
v 0.32291 -0.11114 0.24672
v 0.30809 -0.0042 0.28847
v 0.26682 0.15203 0.24367
v 0.21785 0.21674 0.22512
v 0.15405 0.2664 0.21088
v 0.07974 0.29761 0.20193
v 0 0.30826 0.19887
v -0.07974 0.29761 0.20193
v -0.15405 0.2664 0.21088
v -0.21785 0.21674 0.22512
v -0.29759 0.07667 0.26528
v -0.30809 -0.0042 0.28847
v -0.2822 -0.12275 0.32246
v -0.20757 -0.20369 0.38119
v -0.15405 -0.2748 0.36606
v -0.05072 -0.29535 0.41629
v 0.01722 -0.29262 0.41535
v 0.07514 -0.29732 0.41236
v 0.1809 -0.2836 0.40033
v 0.20757 -0.20369 0.38119
v 0.2822 -0.12275 0.32246
v 0.27252 0.01314 0.34895
v 0.1927 0.20858 0.29291
v 0.1034 0.26631 0.27635
v 0.01973 0.26723 0.31375
v -0.06486 0.26612 0.30466
v -0.13626 0.2525 0.28031
v -0.1927 0.20858 0.29291
v -0.24962 0.11801 0.31888
v -0.27252 0.01314 0.34895
v -0.22168 -0.05357 0.39999
v -0.22046 -0.13557 0.37719
v -0.13626 -0.22622 0.41758
v 0.13626 -0.22622 0.41758
v 0.23601 -0.12505 0.38857
v 0.26324 -0.05839 0.36946
v 0.22867 0.02811 0.40115
v 0.11434 0.22896 0.34356
v -0.11434 0.22896 0.34356
v -0.22867 0.02811 0.40115
v -0.19747 -0.10461 0.45378
v -0.14374 -0.11159 0.46413
v -0.12811 -0.21097 0.48031
v -0.05985 -0.19801 0.46379
v 0.02716 -0.20189 0.45649
v 0.10446 -0.19271 0.4777
v 0.18852 -0.11243 0.45238
v 0.20091 -0.05116 0.41526
v 0.17788 0.04025 0.4435
v 0.10736 0.18215 0.40281
v 0.02302 0.21758 0.39265
v -0.06749 0.20549 0.39612
v -0.16293 0.1087 0.42387
v -0.12686 0.04239 0.4634
v -0.14897 -0.02608 0.47147
v -0.06085 -0.13214 0.49313
v 0.0234 -0.13995 0.49599
v 0.10736 -0.10164 0.48419
v 0.16617 -0.03626 0.46783
v 0.10965 0.04064 0.47748
v -0.04859 -0.04289 0.50628
v 0.02166 -0.04313 0.50945
v 0.11079 -0.01989 0.48453
v 0.03712 0.0418 0.49025
v -0.05558 0.03616 0.49586
v 0 -0.34038 0.01106
v 0.02446 -0.37519 0.03757
v -0.03119 -0.29521 0.00931
v -0.04625 -0.37261 0.04567
v 0.09579 -0.29963 0.04987
v -0.07434 -0.30129 0.03032
v 0.08485 -0.37024 0.07109
v 0.03679 -0.20125 0.03444
v -0.05923 -0.20769 0.04103
v -0.11342 -0.29558 0.06593
v 0.13636 -0.30839 0.09895
v 0.01402 -0.13789 0.07186
v -0.14944 -0.29996 0.12211
v 0.16251 -0.29153 0.14526
v 0.16452 -0.21511 0.15795
v 0.08126 -0.14402 0.09157
v -0.06166 -0.13551 0.08848
v -0.07173 -0.44463 0.22123
v 0.02103 -0.45896 0.2062
v 0.08656 -0.43891 0.22928
v 0.18685 -0.28142 0.22474
v 0.11089 -0.12054 0.14378
v 0.04755 -0.086 0.13121
v 0 -0.07944 0.12882
v -0.06971 -0.09562 0.13471
v -0.12991 -0.13584 0.14935
v -0.17746 -0.32185 0.21705
v -0.04957 -0.45512 0.29916
v 0.02479 -0.45854 0.30041
v 0.19256 -0.19633 0.23858
v 0.14096 -0.10266 0.20449
v 0.10207 -0.0536 0.22245
v 0.02642 -0.02858 0.21334
v -0.05283 -0.03222 0.21467
v -0.10207 -0.0536 0.22245
v -0.1568 -0.12429 0.21236
v -0.19256 -0.19633 0.23858
v -0.1568 -0.37651 0.30416
v -0.09968 -0.43136 0.32412
v 0.09968 -0.43136 0.32412
v 0.17264 -0.35488 0.29629
v 0.20536 -0.19904 0.31121
v 0.18233 -0.10517 0.31398
v 0.1346 -0.04334 0.30379
v -0.18233 -0.10517 0.31398
v -0.20536 -0.19904 0.31121
v -0.18093 -0.33687 0.36137
v -0.14773 -0.38222 0.37788
v -0.10446 -0.41702 0.39054
v -0.04359 -0.43248 0.41798
v 0.02906 -0.43685 0.41626
v 0.10446 -0.41702 0.39054
v 0.09502 -0.37633 0.41282
v 0.18093 -0.33687 0.36137
v 0.20492 -0.14609 0.36581
v 0.02745 0.01493 0.30721
v -0.05491 0.01114 0.30859
v -0.19432 -0.288 0.41747
v -0.14003 -0.37257 0.46582
v -0.05768 -0.45501 0.4482
v 0.02918 -0.45729 0.4521
v 0.13143 -0.37081 0.46028
v 0.18996 -0.22044 0.47409
v -0.14773 -0.02505 0.39564
v -0.20536 -0.20823 0.46231
v -0.18093 -0.28938 0.49185
v -0.10207 -0.35367 0.55107
v -0.05283 -0.37505 0.55885
v 0.02642 -0.37869 0.56018
v 0.10207 -0.35367 0.55107
v 0.17922 -0.2926 0.49474
v 0.18685 -0.12585 0.54878
v -0.19154 -0.14606 0.54493
v -0.19389 -0.21593 0.55334
v -0.1568 -0.28297 0.56116
v 0.14096 -0.30461 0.56903
v 0.19702 -0.27782 0.55261
v 0.18091 -0.20306 0.5608
v 0.15911 -0.03898 0.53957
v 0.10869 0.01246 0.56135
v -0.12241 0.00281 0.55473
v -0.14993 -0.03477 0.56841
v -0.13135 -0.11838 0.55368
v -0.16592 -0.19126 0.55753
v -0.13826 -0.22288 0.647
v -0.12991 -0.27143 0.62417
v -0.06971 -0.31165 0.63881
v 0.02378 -0.32455 0.6435
v 0.11089 -0.28673 0.62974
v 0.19048 -0.21962 0.6263
v 0.16404 -0.14738 0.63545
v 0.15698 -0.07165 0.61221
v 0.14074 -0.03057 0.59726
v 0.02103 0.05169 0.56732
v -0.06166 0.04028 0.57147
v -0.1356 -0.05365 0.64062
v -0.14723 -0.13076 0.6408
v -0.06166 -0.27176 0.68504
v 0.02103 -0.28317 0.6892
v 0.08126 -0.26325 0.68195
v 0.12783 -0.21854 0.66568
v 0.12481 -0.10861 0.64794
v 0.12491 -0.04465 0.65483
v 0.09643 0.00218 0.63778
v 0.03066 0.02789 0.64969
v -0.05608 0.0199 0.64835
v -0.12302 -0.12248 0.71011
v -0.13875 -0.1688 0.72044
v -0.05608 -0.20673 0.73083
v 0.03066 -0.21198 0.737
v 0.10726 -0.18515 0.70596
v 0.101 -0.12198 0.72274
v 0.08239 -0.04465 0.7099
v -0.04736 -0.04071 0.73102
v -0.10246 -0.05644 0.70166
v -0.05986 -0.11768 0.74442
v 0.02357 -0.04285 0.73846
v 0 0.00091 0.71213
v -0.03292 -0.1227 0.77916
v 0.01496 -0.12143 0.77895
v 0.04312 -0.10729 0.74571
v 0.02085 -0.37447 0.41298
v -0.04898 -0.36949 0.41706
v 0.11741 -0.28317 0.45247
v -0.08481 -0.253 0.44262
v -0.13594 -0.29174 0.46348
v -0.12711 -0.4581 0.47448
v 0.11224 -0.45647 0.46348
v 0.17182 -0.36873 0.4875
v -0.06411 -0.52845 0.48244
v 0.02187 -0.54147 0.48244
v 0.08449 -0.51875 0.48244
v -0.18377 -0.35051 0.49763
v 0.15915 -0.45614 0.49763
v 0.21128 -0.37111 0.54579
v 0.1469 -0.18162 0.53281
v 0.10829 -0.13486 0.55228
v 0.02803 -0.10575 0.55228
v -0.05606 -0.10999 0.55228
v -0.20921 -0.28606 0.55228
v -0.21128 -0.37111 0.54579
v -0.17992 -0.46993 0.53281
v -0.13072 -0.54636 0.55228
v -0.05604 -0.54655 0.5779
v 0.02363 -0.62153 0.57291
v 0.02248 -0.54974 0.57182
v 0.09578 -0.54777 0.57232
v 0.19763 -0.45586 0.55877
v -0.20648 -0.44883 0.57174
v -0.04577 -0.62464 0.57783
v 0.1594 -0.53376 0.57174
v 0.23807 -0.35051 0.63463
v 0.22995 -0.27967 0.63463
v 0.06162 -0.08614 0.63463
v 0 -0.07681 0.63463
v -0.06162 -0.08614 0.63463
v -0.20617 -0.21366 0.63463
v -0.22995 -0.27967 0.63463
v -0.22154 -0.38801 0.65943
v -0.21077 -0.45808 0.66239
v -0.12544 -0.53957 0.62461
v -0.11793 -0.61764 0.62947
v -0.05122 -0.62055 0.6694
v 0.02806 -0.61806 0.66884
v 0.11315 -0.61759 0.63485
v 0.19364 -0.51966 0.65943
v 0.21005 -0.45808 0.66204
v 0.23665 -0.39959 0.71078
v 0.22297 -0.28182 0.71956
v 0.1864 -0.20096 0.72647
v 0.16705 -0.15845 0.69881
v -0.19991 -0.21782 0.71956
v -0.22297 -0.28182 0.71956
v -0.2114 -0.40478 0.71751
v -0.24663 -0.4754 0.73227
v -0.14639 -0.55042 0.72647
v -0.11812 -0.58572 0.69881
v -0.03825 -0.64008 0.71323
v 0.02434 -0.63654 0.71524
v 0.11812 -0.58572 0.69881
v 0.20931 -0.51012 0.71842
v 0.21417 -0.46402 0.72864
v 0.20899 -0.40527 0.71815
v 0.11271 -0.57494 0.7403
v 0.18478 -0.3738 0.80642
v 0.18909 -0.29226 0.79682
v 0.16953 -0.23798 0.79682
v 0.11097 -0.19448 0.81953
v 0.10388 -0.14366 0.77923
v -0.10388 -0.14366 0.77923
v -0.14499 -0.21677 0.80642
v -0.20067 -0.28869 0.77923
v -0.1974 -0.37111 0.79096
v -0.14169 -0.46285 0.80717
v -0.14658 -0.54487 0.78596
v -0.06236 -0.52851 0.80901
v 0.033 -0.63786 0.78413
v 0.03392 -0.53666 0.81151
v 0.10976 -0.53526 0.79887
v 0.20875 -0.45858 0.77188
v -0.06963 -0.18126 0.83466
v -0.15333 -0.28744 0.83466
v -0.16021 -0.38403 0.83466
v 0.12723 -0.45996 0.81543
v 0.14124 -0.28324 0.84479
v 0.01995 -0.17625 0.84479
v 0.12207 -0.40553 0.81568
v 0.09363 -0.37196 0.88032
v 0.09097 -0.29576 0.87669
v 0.03034 -0.22033 0.86943
v -0.04551 -0.2242 0.86943
v -0.04908 -0.29408 0.88927
v -0.10987 -0.29819 0.86943
v -0.1179 -0.36835 0.86943
v -0.10388 -0.41945 0.86943
v -0.04935 -0.44878 0.8785
v 0.03018 -0.45398 0.8798
v 0.09434 -0.43373 0.86943
v 0.02066 -0.29315 0.89425
v -0.04898 -0.36949 0.89499
v 0.02085 -0.37447 0.89907
v 0 -0.46474 0.71314
v 0.16644 -0.54328 0.78657
v 0.033 -0.39571 0.78657
v -0.06473 -0.4035 0.78657
v -0.14851 -0.61333 0.785
v -0.06473 -0.65652 0.78657
v 0.01 -0.71678 0.77243
v 0.14563 -0.61337 0.78496
v 0.15625 -0.6135 0.78512
v 0 -0.49738 0.79147
v -0.15181 -0.71097 0.79147
v -0.10999 -0.79319 0.77406
v -0.0657 -0.78145 0.78103
v 0.03082 -0.79118 0.78331
v 0.10087 -0.78655 0.7758
v 0.1384 -0.73854 0.79147
v 0.15852 -0.69719 0.79147
v 0.14499 -0.79112 0.75394
v 0.11081 -0.70118 0.75394
v -0.03684 -0.6961 0.69437
v -0.12055 -0.71146 0.75394
v -0.14499 -0.79112 0.75394
v -0.10917 -0.88666 0.7241
v -0.06746 -0.86096 0.70172
v -0.05737 -0.95935 0.70824
v 0.02775 -0.96637 0.71608
v 0.09667 -0.87932 0.71678
v 0.02867 -0.83981 0.68866
v -0.09927 -0.92626 0.70172
v 0.08706 -0.94469 0.69985
v 0.04001 -0.95996 0.64852
v -0.0471 -0.70056 0.58479
v 0.02028 -0.70115 0.58124
v -0.03454 -0.77013 0.59415
v 0.02303 -0.77338 0.59393
v 0.08927 -0.62953 0.589
v 0.0824 -0.70198 0.59295
v 0.02795 -0.46626 0.58889
v -0.04193 -0.47169 0.58927
v -0.09876 -0.64993 0.59375
v -0.07581 -0.71773 0.66037
v -0.06238 -0.80023 0.64331
v 0.03427 -0.80849 0.64908
v 0.0915 -0.77942 0.6375
v 0.10223 -0.71192 0.64117
v -0.11707 -0.70257 0.63213
v -0.03898 -0.86184 0.6448
v 0.02413 -0.86292 0.64463
v 0.09441 -0.53965 0.63721
v 0.08841 -0.49234 0.61743
v -0.05789 -0.46609 0.62502
v -0.10828 -0.75723 0.63595
v 0.02853 -0.45193 0.62944
v -0.0534 -0.54122 0.66083
v 0.02164 -0.54756 0.66802
v 0.05557 -0.71153 0.67816
v -0.03157 -0.8032 0.704
v 0.01894 -0.7975 0.70189
v 0.01073 -0.69749 0.68332
v 0.10937 -0.87998 0.76536
v -0.02999 -0.74273 0.76536
v -0.10937 -0.87998 0.76536
v -0.05662 -0.9468 0.76536
v 0.02931 -0.95779 0.76536
v 0.08193 -0.93112 0.76536
v -0.05002 -0.9579 0.65276
v 0 -0.93962 0.58585
v -0.40737 0.37722 -0.11363
v -0.40923 0.45671 -0.09466
v -0.45793 0.37813 -0.10962
v -0.43993 0.28369 -0.16372
v -0.3963 0.3142 -0.13044
v -0.4614 0.46283 -0.03204
v -0.44902 0.20857 -0.16968
v -0.39532 0.21039 -0.17553
v -0.46771 0.54146 -0.02109
v -0.33824 0.3488 -0.08187
v -0.33113 0.38569 -0.03696
v -0.45426 0.55914 0.02589
v -0.4588 0.39701 -0.05246
v -0.49115 0.20538 -0.10561
v -0.44532 0.13027 -0.17028
v -0.34846 0.23947 -0.13285
v -0.33604 0.28334 -0.0989
v -0.33984 0.46206 -0.00206
v -0.41755 0.61902 0.034
v -0.47722 0.12244 -0.11723
v -0.33431 0.19401 -0.09653
v -0.32053 0.29982 -0.03724
v -0.33046 0.45383 0.05614
v -0.45861 0.62133 0.03144
v -0.49854 0.45383 0.05614
v -0.43871 0.06793 -0.15598
v -0.31932 0.37538 0.05205
v -0.34518 0.5136 0.08367
v -0.3794 0.55152 0.1528
v -0.40604 0.59 0.13024
v -0.43987 0.58636 0.1176
v -0.45966 0.54199 0.14367
v -0.50968 0.37538 0.05205
v -0.50968 0.22912 -0.01615
v -0.44956 0.04288 -0.10956
v -0.34465 0.10823 -0.08894
v -0.31932 0.22912 -0.01615
v -0.32017 0.28387 0.05738
v -0.33739 0.45934 0.12403
v -0.48483 0.45667 0.14617
v -0.45159 0.03781 -0.03512
v -0.33249 0.38272 0.13009
v -0.40287 0.52509 0.20146
v -0.43776 0.5207 0.19941
v -0.488 0.37034 0.14775
v -0.49693 0.20308 0.06528
v -0.35095 0.08953 -0.00165
v -0.33207 0.20308 0.06528
v -0.33677 0.29934 0.12912
v -0.44388 0.45403 0.20933
v -0.47716 0.28804 0.14863
v -0.46481 0.12369 0.06837
v -0.35377 0.35178 0.17422
v -0.45275 0.37923 0.20158
v -0.43931 0.06013 0.03434
v -0.38367 0.11373 0.07809
v -0.45212 0.21616 0.14802
v -0.4074 0.28963 0.19365
v -0.44292 0.30398 0.19293
v -0.43993 0.15115 0.12051
v -0.40179 0.14497 0.11995
v -0.45417 0.53111 -0.08247
v -0.41532 0.61122 -0.01579
v -0.46213 0.61585 -0.02567
v -0.4174 0.40101 -0.05667
v -0.45811 0.67991 0.00294
v -0.42772 0.67616 0.00667
v -0.45584 0.68644 0.03541
v -0.42538 0.67891 0.02842
v -0.22039 0.21421 -0.68071
v -0.22449 0.21984 -0.62278
v -0.22198 0.12815 -0.62164
v -0.16106 0.20146 -0.6181
v -0.16308 0.14469 -0.60681
v -0.22221 0.28539 -0.62243
v -0.28412 0.20588 -0.60861
v -0.28228 0.14429 -0.60596
v -0.15618 0.27795 -0.6022
v -0.28618 0.27712 -0.59791
v -0.29395 0.13149 -0.54465
v -0.21867 0.06816 -0.52467
v -0.30975 0.30035 -0.53149
v -0.2956 0.19502 -0.53282
v -0.27835 0.07964 -0.50988
v -0.28227 0.34305 -0.51493
v -0.08973 0.19552 -0.45313
v -0.09229 0.25991 -0.44382
v -0.34985 0.21601 -0.45638
v -0.28426 0.07887 -0.43466
v -0.11549 0.12044 -0.44124
v -0.11178 0.31143 -0.43898
v -0.14426 0.35151 -0.43232
v -0.09197 0.21345 -0.38483
v -0.34885 0.22505 -0.39928
v -0.21867 0.07385 -0.36588
v -0.13078 0.12187 -0.36402
v -0.10936 0.2883 -0.35372
v -0.14664 0.34696 -0.36301
v -0.21867 0.37444 -0.36736
v -0.2907 0.34696 -0.36301
v -0.32799 0.2883 -0.35372
v -0.21867 0.08606 -0.33944
v -0.10366 0.2097 -0.33535
v -0.29538 0.20918 -0.26807
v -0.28378 0.13644 -0.29587
v -0.22292 0.12626 -0.27677
v -0.14197 0.20918 -0.26807
v -0.14749 0.29497 -0.27899
v -0.17212 0.34083 -0.29835
v -0.22474 0.35064 -0.29793
v -0.2693 0.3472 -0.31321
v -0.28986 0.29497 -0.27899
v -0.21867 0.30924 -0.24738
v -0.21867 0.18 -0.23657
v -0.22228 0.21652 -0.22311
v -0.176 0.26546 -0.23355
v -0.22621 0.26779 -0.22537
v -0.17726 0.23094 -0.22808
v -0.22897 0.14196 -0.85474
v -0.23157 0.20579 -0.85864
v -0.22201 0.12173 -0.77849
v -0.22056 0.19567 -0.79423
v -0.27205 0.18153 -0.78971
v -0.28326 0.12824 -0.78787
v -0.16488 0.12353 -0.79242
v -0.17264 0.17191 -0.78805
v -0.17562 0.1457 -0.6977
v -0.17455 0.18607 -0.69257
v -0.27872 0.19347 -0.69432
v -0.27761 0.13838 -0.69567
v -0.22172 0.10907 -0.68988
v -0.22847 0.18412 -0.47863
v -0.22847 0.16431 -0.48348
v -0.22493 0.0324 -0.87533
v -0.29413 0.11318 -0.85998
v -0.29955 0.03853 -0.86601
v -0.2234 -0.04584 -0.86677
v -0.15511 0.0394 -0.86531
v -0.15994 0.11312 -0.85765
v -0.29889 -0.04327 -0.86506
v -0.15436 -0.0429 -0.86538
v -0.27141 0.21221 -0.85529
v -0.22556 -0.12205 -0.86527
v -0.16548 0.16789 -0.83453
v -0.15656 0.03925 -0.79652
v -0.29256 0.04196 -0.79048
v -0.28415 -0.03346 -0.80196
v -0.22847 -0.08922 -0.81527
v -0.22155 -0.04508 -0.78832
v -0.16569 -0.0241 -0.80262
v -0.2245 0.04509 -0.76836
v -0.30027 -0.13475 -0.86573
v -0.30027 -0.19424 -0.86511
v -0.22847 -0.20818 -0.86518
v -0.22847 -0.2566 -0.86491
v -0.15523 -0.13602 -0.86569
v -0.15666 -0.19424 -0.86511
v -0.23254 0.28732 -0.86476
v -0.23662 0.3578 -0.87036
v -0.26854 0.2907 -0.86649
v -0.21051 -0.50341 0.67596
v -0.17698 -0.45821 0.71477
v -0.224 -0.50676 0.72037
v -0.21051 -0.45821 0.77099
v 0.44451 0.37792 -0.11097
v 0.3873 0.3768 -0.11315
v 0.39232 0.45046 -0.08451
v 0.3581 0.298 -0.12844
v 0.38907 0.28369 -0.16372
v 0.44365 0.5425 -0.01929
v 0.3865 0.46845 -0.04712
v 0.38359 0.21166 -0.17154
v 0.43769 0.20831 -0.17486
v 0.49076 0.3488 -0.08187
v 0.49787 0.38569 -0.03696
v 0.45127 0.56016 0.02526
v 0.34369 0.39184 -0.04189
v 0.33785 0.20538 -0.10561
v 0.38368 0.13027 -0.17028
v 0.48054 0.23947 -0.13285
v 0.49297 0.28334 -0.0989
v 0.49192 0.47674 -0.04891
v 0.44471 0.62032 0.03221
v 0.35178 0.12244 -0.11723
v 0.49469 0.19401 -0.09653
v 0.50848 0.29982 -0.03724
v 0.49854 0.45383 0.05614
v 0.39029 0.58611 0.08565
v 0.33046 0.45383 0.05614
v 0.32255 0.29231 -0.05135
v 0.42661 0.06336 -0.15811
v 0.50968 0.37538 0.05205
v 0.45401 0.54559 0.14771
v 0.42296 0.59 0.13024
v 0.38913 0.58636 0.1176
v 0.31981 0.37501 0.05188
v 0.31647 0.31483 -0.00902
v 0.31981 0.2295 -0.01598
v 0.43641 0.03419 -0.11115
v 0.50968 0.22912 -0.01615
v 0.50883 0.28387 0.05738
v 0.31835 0.37613 0.0524
v 0.31571 0.29597 0.03143
v 0.33974 0.12033 -0.01863
v 0.49854 0.15067 -0.02023
v 0.4994 0.43023 0.11046
v 0.34417 0.45667 0.14617
v 0.44099 0.03102 -0.03561
v 0.49651 0.38272 0.13009
v 0.42613 0.52509 0.20146
v 0.39124 0.5207 0.19941
v 0.34101 0.37034 0.14775
v 0.32463 0.27177 0.08333
v 0.33207 0.20308 0.06528
v 0.49693 0.20308 0.06528
v 0.49223 0.29934 0.12912
v 0.43409 0.45346 0.21326
v 0.35184 0.28804 0.14863
v 0.36887 0.12093 0.07084
v 0.48916 0.14244 0.03796
v 0.47523 0.35178 0.17422
v 0.44366 0.3794 0.20623
v 0.42939 0.05614 0.03404
v 0.4508 0.11523 0.07683
v 0.38058 0.21383 0.14939
v 0.42456 0.29374 0.19491
v 0.39102 0.2896 0.19024
v 0.38907 0.15115 0.12051
v 0.42722 0.14497 0.11995
v 0.44583 0.53002 -0.08219
v 0.44374 0.6147 -0.02449
v 0.49101 0.45176 -0.0802
v 0.44179 0.39911 -0.05536
v 0.48898 0.51446 -0.07586
v 0.49633 0.544 -0.0319
v 0.49663 0.61678 -0.01074
v 0.45204 0.67916 0.00368
v 0.45204 0.6855 0.03454
v 0.40054 0.59446 -0.01096
v 0.49059 0.63079 0.02219
v 0.20086 0.20669 -0.68256
v 0.26441 0.20321 -0.69008
v 0.19131 0.21318 -0.621
v 0.20123 0.13293 -0.62129
v 0.2694 0.20887 -0.61782
v 0.26774 0.1344 -0.60981
v 0.26789 0.28176 -0.60838
v 0.19736 0.28435 -0.62044
v 0.13438 0.21152 -0.60281
v 0.13419 0.15737 -0.59048
v 0.31993 0.19671 -0.57825
v 0.13903 0.27049 -0.58994
v 0.19276 0.07045 -0.52088
v 0.26014 0.07369 -0.5189
v 0.26587 0.13692 -0.5357
v 0.33652 0.21211 -0.52731
v 0.30211 0.30576 -0.54167
v 0.26321 0.3476 -0.52653
v 0.32775 0.14904 -0.52087
v 0.32883 0.28685 -0.50603
v 0.34762 0.19552 -0.45313
v 0.33995 0.27643 -0.43864
v 0.10203 0.28567 -0.4414
v 0.08973 0.19552 -0.45313
v 0.11549 0.12044 -0.44124
v 0.33228 0.13683 -0.44384
v 0.19208 0.37439 -0.43854
v 0.1396 0.3467 -0.43806
v 0.15258 0.08084 -0.41546
v 0.09782 0.21157 -0.36009
v 0.11863 0.13531 -0.36615
v 0.16556 0.09202 -0.35299
v 0.20744 0.07404 -0.36275
v 0.28652 0.10298 -0.35725
v 0.33138 0.28258 -0.35873
v 0.27699 0.35558 -0.36437
v 0.18849 0.36964 -0.3666
v 0.13429 0.33551 -0.36119
v 0.10936 0.2883 -0.35372
v 0.31781 0.30548 -0.33869
v 0.1321 0.21334 -0.27936
v 0.19332 0.1269 -0.27978
v 0.26626 0.13441 -0.28462
v 0.2897 0.20406 -0.26308
v 0.27936 0.29684 -0.27047
v 0.254 0.34644 -0.29924
v 0.19512 0.34959 -0.29974
v 0.13612 0.29446 -0.29378
v 0.1944 0.30661 -0.25198
v 0.16649 0.19668 -0.2437
v 0.20923 0.21459 -0.2233
v 0.25085 0.26284 -0.22807
v 0.20489 0.26941 -0.22597
v 0.24858 0.22746 -0.22415
v 0.20893 0.13546 -0.85687
v 0.26153 0.13412 -0.85615
v 0.25315 0.2066 -0.85891
v 0.21611 0.2054 -0.85719
v 0.26854 0.12508 -0.78412
v 0.25938 0.19051 -0.79272
v 0.20476 0.19333 -0.79347
v 0.19826 0.12323 -0.78022
v 0.26733 0.12688 -0.69345
v 0.19574 0.12299 -0.6928
v 0.25542 0.1986 -0.51691
v 0.22352 0.18481 -0.47801
v 0.22595 0.16393 -0.48345
v 0.19393 0.0351 -0.8713
v 0.28267 0.03885 -0.86895
v 0.19215 -0.04562 -0.86599
v 0.2816 -0.0433 -0.86549
v 0.14216 0.03858 -0.86316
v 0.1469 0.11334 -0.83778
v 0.18952 -0.13019 -0.86543
v 0.14074 -0.04279 -0.86547
v 0.28752 -0.13323 -0.86558
v 0.268 0.04432 -0.77851
v 0.14733 0.11029 -0.81438
v 0.145 0.04366 -0.80951
v 0.15192 -0.01724 -0.81795
v 0.19527 -0.0399 -0.79278
v 0.22084 -0.08951 -0.81438
v 0.25134 -0.08837 -0.81795
v 0.27047 -0.03706 -0.79562
v 0.20197 0.04261 -0.77182
v 0.14255 -0.13451 -0.86578
v 0.1454 -0.19453 -0.86513
v 0.19836 -0.20259 -0.86513
v 0.28408 -0.19795 -0.86514
v 0.22677 -0.25701 -0.86491
v 0.23796 -0.25428 -0.86491
v 0.32585 -0.04045 -0.86654
v 0.3245 -0.11829 -0.86654
v 0.32385 0.02221 -0.86654
v 0.31965 -0.18242 -0.86491
v 0.25188 0.28791 -0.86485
v 0.21981 0.28748 -0.86508
v 0.24718 0.35906 -0.87057
v 0.22193 0.35604 -0.87008
v 0.23861 -0.45821 0.67596
v 0.21051 -0.41301 0.67596
v 0.25233 -0.47771 0.73249
v 0.24413 -0.50337 0.72355
v -0.07154 0.6254 0.0654
v -0.10944 0.62519 0.06749
v -0.12124 0.61829 0.13354
v -0.05186 0.62168 0.13035
v -0.05065 0.7012 0.06209
v -0.118 0.70102 0.05703
v -0.04184 0.70701 0.13455
v -0.15096 0.70691 0.13303
v -0.11989 0.63937 0.21625
v -0.05286 0.63583 0.21754
v -0.0566 0.78326 0.07807
v -0.0357 0.79023 0.13219
v -0.04741 0.70576 0.22439
v -0.05368 0.86662 0.14656
v -0.12481 0.86858 0.14684
v -0.16331 0.79509 0.22847
v -0.14785 0.77899 0.31081
v -0.04864 0.78406 0.30868
v -0.03769 0.88039 0.22547
v -0.15289 0.87795 0.22636
v -0.10767 0.74317 0.35092
v -0.04788 0.73045 0.36113
v -0.04106 0.87391 0.31013
v -0.05843 0.94799 0.23126
v -0.1193 0.94636 0.22937
v -0.15399 0.87892 0.31116
v -0.11933 0.8 0.37421
v -0.05575 0.7954 0.38867
v -0.04842 0.96064 0.30845
v -0.12311 0.96883 0.30817
v -0.12339 0.87673 0.39103
v -0.05939 0.87929 0.39489
v -0.06675 0.96446 0.38875
v -0.11167 0.96201 0.38555
v -0.08812 1 0.32404
v 0.01306 0.64587 0.07437
v 0.02819 0.70437 0.05794
v 0.02216 0.63055 0.13362
v 0.04386 0.70627 0.13288
v 0.03914 0.78245 0.06484
v 0.03042 0.63801 0.21776
v 0.04023 0.69819 0.22098
v 0.11024 0.70683 0.21894
v 0.03776 0.86534 0.14763
v 0.09815 0.78636 0.31089
v 0.03674 0.88318 0.22206
v 0.02283 0.72493 0.37041
v 0.11459 0.87975 0.31339
v 0.02648 0.9316 0.23886
v 0.02818 0.78205 0.31246
v 0.02952 0.87978 0.31092
v 0.03485 0.94492 0.31253
v 0.04348 0.79726 0.39616
v 0.11079 0.79154 0.39297
v 0.04943 0.88332 0.39711
v -0.02059 0.80881 0.44713
v 0.02087 0.80703 0.44491
v 0.02754 0.95743 0.3969
v -0.03265 0.88384 0.45691
v 0.02598 0.88142 0.46173
v 0.0056 0.94546 0.46011
v -0.02561 0.94151 0.44927
v 0.08967 0.70378 0.00588
v 0.12313 0.70125 0.04158
v 0.09515 0.65275 0.04424
v 0.06718 0.7245 0.01068
v 0.09975 0.63992 0.13669
v 0.14545 0.69197 0.12171
v 0.08812 0.84872 0.0809
v 0.15814 0.79376 0.15626
v 0.11374 0.88393 0.14458
v 0.09739 0.65449 0.22237
v 0.16322 0.79 0.2189
v 0.15639 0.85718 0.22819
v 0.13722 0.90051 0.22114
v 0.159 0.79147 0.29139
v 0.09739 0.93568 0.23456
v 0.15749 0.85081 0.31044
v 0.09713 0.73105 0.35923
v 0.10323 0.94787 0.30881
v 0.13333 0.88352 0.40074
v 0.09834 0.94304 0.39454
v 0.09429 0.81365 0.43522
v 0.09293 0.88418 0.44943
v 0.08812 0.92646 0.4371
f 1 2 NaN
f 1 3 2
f 1 4 3
f 1 3 NaN
f 1 4 NaN
f 1 5 4
f 1 5 NaN
f 1 6 5
f 1 7 6
f 1 6 NaN
f 1 7 NaN
f 1 8 7
f 1 8 NaN
f 1 9 8
f 1 9 NaN
f 1 2 9
f 2 10 NaN
f 2 11 10
f 2 3 11
f 2 11 NaN
f 3 11 NaN
f 3 4 11
f 4 12 11
f 4 11 NaN
f 4 12 NaN
f 4 13 12
f 4 13 NaN
f 4 14 13
f 4 5 14
f 4 14 NaN
f 5 15 14
f 5 14 NaN
f 5 15 NaN
f 5 16 15
f 5 6 16
f 5 16 NaN
f 6 17 16
f 6 16 NaN
f 6 7 17
f 6 17 NaN
f 7 17 NaN
f 7 18 17
f 7 18 NaN
f 7 19 18
f 7 8 19
f 7 19 NaN
f 8 19 NaN
f 8 20 19
f 8 20 NaN
f 8 21 20
f 8 21 NaN
f 8 9 21
f 9 22 21
f 9 21 NaN
f 9 22 NaN
f 9 23 22
f 9 23 NaN
f 9 24 23
f 9 2 24
f 9 24 NaN
f 2 24 NaN
f 2 10 24
f 11 25 10
f 11 10 NaN
f 11 25 NaN
f 11 26 25
f 11 12 26
f 11 26 NaN
f 12 26 NaN
f 12 27 26
f 12 13 27
f 12 27 NaN
f 13 28 27
f 13 27 NaN
f 13 14 28
f 13 28 NaN
f 14 28 NaN
f 14 15 28
f 15 29 28
f 15 28 NaN
f 15 29 NaN
f 15 30 29
f 15 16 30
f 15 30 NaN
f 16 30 NaN
f 17 31 16
f 17 16 NaN
f 17 31 NaN
f 17 32 31
f 17 18 32
f 17 32 NaN
f 18 33 32
f 18 32 NaN
f 18 19 33
f 18 33 NaN
f 19 34 33
f 19 33 NaN
f 19 34 NaN
f 19 35 34
f 19 20 35
f 19 35 NaN
f 20 36 35
f 20 35 NaN
f 20 21 36
f 20 36 NaN
f 21 37 36
f 21 36 NaN
f 21 37 NaN
f 21 38 37
f 21 22 38
f 21 38 NaN
f 22 39 38
f 22 38 NaN
f 22 39 NaN
f 22 23 39
f 23 40 39
f 23 39 NaN
f 23 40 NaN
f 23 41 40
f 23 24 41
f 23 41 NaN
f 24 41 NaN
f 24 42 41
f 24 10 42
f 24 42 NaN
f 10 42 NaN
f 10 25 43
f 10 43 NaN
f 25 44 43
f 25 43 NaN
f 25 26 44
f 25 44 NaN
f 26 45 44
f 26 44 NaN
f 26 45 NaN
f 26 46 45
f 26 27 46
f 26 46 NaN
f 27 47 46
f 27 46 NaN
f 27 28 47
f 27 47 NaN
f 28 47 NaN
f 28 48 47
f 28 29 48
f 28 48 NaN
f 29 49 48
f 29 48 NaN
f 29 30 49
f 29 49 NaN
f 30 50 49
f 30 49 NaN
f 30 16 50
f 30 50 NaN
f 16 51 50
f 16 50 NaN
f 16 31 51
f 16 51 NaN
f 31 52 51
f 31 51 NaN
f 31 32 52
f 31 52 NaN
f 32 53 52
f 32 52 NaN
f 32 33 53
f 32 53 NaN
f 33 54 53
f 33 53 NaN
f 33 34 54
f 33 54 NaN
f 34 55 54
f 34 54 NaN
f 34 35 55
f 34 55 NaN
f 35 55 NaN
f 36 56 35
f 36 35 NaN
f 36 37 56
f 36 56 NaN
f 37 57 56
f 37 56 NaN
f 37 38 57
f 37 57 NaN
f 38 58 57
f 38 57 NaN
f 38 39 58
f 38 58 NaN
f 39 59 58
f 39 58 NaN
f 39 59 NaN
f 39 60 59
f 39 40 60
f 39 60 NaN
f 40 61 60
f 40 60 NaN
f 40 41 61
f 40 61 NaN
f 41 62 61
f 41 61 NaN
f 41 62 NaN
f 41 63 62
f 41 42 63
f 41 63 NaN
f 42 64 63
f 42 63 NaN
f 42 10 64
f 42 64 NaN
f 10 43 64
f 10 64 NaN
f 43 44 65
f 43 65 NaN
f 44 66 65
f 44 65 NaN
f 44 45 66
f 44 66 NaN
f 45 67 66
f 45 66 NaN
f 45 46 67
f 45 67 NaN
f 46 68 67
f 46 67 NaN
f 46 47 68
f 46 68 NaN
f 47 69 68
f 47 68 NaN
f 47 69 NaN
f 47 70 69
f 47 48 70
f 47 70 NaN
f 48 71 70
f 48 70 NaN
f 48 49 71
f 48 71 NaN
f 49 72 71
f 49 71 NaN
f 49 50 72
f 49 72 NaN
f 50 73 72
f 50 72 NaN
f 50 51 73
f 50 73 NaN
f 51 74 73
f 51 73 NaN
f 51 52 74
f 51 74 NaN
f 52 75 74
f 52 74 NaN
f 52 53 75
f 52 75 NaN
f 53 76 75
f 53 75 NaN
f 53 54 76
f 53 76 NaN
f 54 77 76
f 54 76 NaN
f 54 55 77
f 54 77 NaN
f 55 78 77
f 55 77 NaN
f 55 35 78
f 55 78 NaN
f 35 79 78
f 35 78 NaN
f 35 56 79
f 35 79 NaN
f 56 80 79
f 56 79 NaN
f 56 57 80
f 56 80 NaN
f 57 81 80
f 57 80 NaN
f 57 58 81
f 57 81 NaN
f 58 82 81
f 58 81 NaN
f 58 59 82
f 58 82 NaN
f 59 83 82
f 59 82 NaN
f 59 60 83
f 59 83 NaN
f 60 84 83
f 60 83 NaN
f 60 61 84
f 60 84 NaN
f 61 85 84
f 61 84 NaN
f 61 62 85
f 61 85 NaN
f 62 86 85
f 62 85 NaN
f 62 63 86
f 62 86 NaN
f 63 87 86
f 63 86 NaN
f 63 64 87
f 63 87 NaN
f 64 88 87
f 64 87 NaN
f 64 43 88
f 64 88 NaN
f 43 65 88
f 43 88 NaN
f 65 66 89
f 65 89 NaN
f 66 90 89
f 66 89 NaN
f 66 67 90
f 66 90 NaN
f 67 91 90
f 67 90 NaN
f 67 68 91
f 67 91 NaN
f 68 92 91
f 68 91 NaN
f 68 69 92
f 68 92 NaN
f 69 93 92
f 69 92 NaN
f 69 70 93
f 69 93 NaN
f 70 94 93
f 70 93 NaN
f 70 71 94
f 70 94 NaN
f 71 95 94
f 71 94 NaN
f 71 72 95
f 71 95 NaN
f 72 96 95
f 72 95 NaN
f 72 73 96
f 72 96 NaN
f 73 97 96
f 73 96 NaN
f 73 74 97
f 73 97 NaN
f 74 98 97
f 74 97 NaN
f 74 75 98
f 74 98 NaN
f 75 99 98
f 75 98 NaN
f 75 76 99
f 75 99 NaN
f 76 100 99
f 76 99 NaN
f 76 77 100
f 76 100 NaN
f 77 101 100
f 77 100 NaN
f 77 78 101
f 77 101 NaN
f 78 102 101
f 78 101 NaN
f 78 79 102
f 78 102 NaN
f 79 103 102
f 79 102 NaN
f 79 80 103
f 79 103 NaN
f 80 104 103
f 80 103 NaN
f 80 81 104
f 80 104 NaN
f 81 105 104
f 81 104 NaN
f 81 82 105
f 81 105 NaN
f 82 106 105
f 82 105 NaN
f 82 83 106
f 82 106 NaN
f 83 107 106
f 83 106 NaN
f 83 84 107
f 83 107 NaN
f 84 108 107
f 84 107 NaN
f 84 85 108
f 84 108 NaN
f 85 109 108
f 85 108 NaN
f 85 86 109
f 85 109 NaN
f 86 110 109
f 86 109 NaN
f 86 87 110
f 86 110 NaN
f 87 111 110
f 87 110 NaN
f 87 88 111
f 87 111 NaN
f 88 112 111
f 88 111 NaN
f 88 65 112
f 88 112 NaN
f 65 89 112
f 65 112 NaN
f 89 90 113
f 89 113 NaN
f 90 114 113
f 90 113 NaN
f 90 91 114
f 90 114 NaN
f 91 115 114
f 91 114 NaN
f 91 92 115
f 91 115 NaN
f 92 116 115
f 92 115 NaN
f 92 93 116
f 92 116 NaN
f 93 117 116
f 93 116 NaN
f 93 94 117
f 93 117 NaN
f 94 118 117
f 94 117 NaN
f 94 95 118
f 94 118 NaN
f 95 119 118
f 95 118 NaN
f 95 96 119
f 95 119 NaN
f 96 120 119
f 96 119 NaN
f 96 97 120
f 96 120 NaN
f 97 121 120
f 97 120 NaN
f 97 98 121
f 97 121 NaN
f 98 122 121
f 98 121 NaN
f 98 99 122
f 98 122 NaN
f 99 123 122
f 99 122 NaN
f 99 100 123
f 99 123 NaN
f 100 124 123
f 100 123 NaN
f 100 101 124
f 100 124 NaN
f 101 125 124
f 101 124 NaN
f 101 102 125
f 101 125 NaN
f 102 126 125
f 102 125 NaN
f 102 103 126
f 102 126 NaN
f 103 127 126
f 103 126 NaN
f 103 104 127
f 103 127 NaN
f 104 128 127
f 104 127 NaN
f 104 105 128
f 104 128 NaN
f 105 129 128
f 105 128 NaN
f 105 106 129
f 105 129 NaN
f 106 130 129
f 106 129 NaN
f 106 107 130
f 106 130 NaN
f 107 131 130
f 107 130 NaN
f 107 108 131
f 107 131 NaN
f 108 132 131
f 108 131 NaN
f 108 109 132
f 108 132 NaN
f 109 133 132
f 109 132 NaN
f 109 110 133
f 109 133 NaN
f 110 134 133
f 110 133 NaN
f 110 111 134
f 110 134 NaN
f 111 135 134
f 111 134 NaN
f 111 112 135
f 111 135 NaN
f 112 136 135
f 112 135 NaN
f 112 89 136
f 112 136 NaN
f 89 113 136
f 89 136 NaN
f 113 114 137
f 113 137 NaN
f 114 138 137
f 114 137 NaN
f 114 115 138
f 114 138 NaN
f 115 139 138
f 115 138 NaN
f 115 116 139
f 115 139 NaN
f 116 140 139
f 116 139 NaN
f 116 117 140
f 116 140 NaN
f 117 141 140
f 117 140 NaN
f 117 118 141
f 117 141 NaN
f 118 142 141
f 118 141 NaN
f 118 119 142
f 118 142 NaN
f 119 143 142
f 119 142 NaN
f 119 120 143
f 119 143 NaN
f 120 144 143
f 120 143 NaN
f 120 121 144
f 120 144 NaN
f 121 145 144
f 121 144 NaN
f 121 122 145
f 121 145 NaN
f 122 146 145
f 122 145 NaN
f 122 123 146
f 122 146 NaN
f 123 147 146
f 123 146 NaN
f 123 124 147
f 123 147 NaN
f 124 148 147
f 124 147 NaN
f 124 125 148
f 124 148 NaN
f 125 149 148
f 125 148 NaN
f 125 126 149
f 125 149 NaN
f 126 150 149
f 126 149 NaN
f 126 127 150
f 126 150 NaN
f 127 151 150
f 127 150 NaN
f 127 128 151
f 127 151 NaN
f 128 152 151
f 128 151 NaN
f 128 129 152
f 128 152 NaN
f 129 153 152
f 129 152 NaN
f 129 130 153
f 129 153 NaN
f 130 154 153
f 130 153 NaN
f 130 131 154
f 130 154 NaN
f 131 155 154
f 131 154 NaN
f 131 132 155
f 131 155 NaN
f 132 156 155
f 132 155 NaN
f 132 133 156
f 132 156 NaN
f 133 157 156
f 133 156 NaN
f 133 134 157
f 133 157 NaN
f 134 158 157
f 134 157 NaN
f 134 135 158
f 134 158 NaN
f 135 159 158
f 135 158 NaN
f 135 136 159
f 135 159 NaN
f 136 160 159
f 136 159 NaN
f 136 113 160
f 136 160 NaN
f 113 137 160
f 113 160 NaN
f 137 138 161
f 137 161 NaN
f 138 162 161
f 138 161 NaN
f 138 139 162
f 138 162 NaN
f 139 163 162
f 139 162 NaN
f 139 140 163
f 139 163 NaN
f 140 164 163
f 140 163 NaN
f 140 141 164
f 140 164 NaN
f 141 165 164
f 141 164 NaN
f 141 142 165
f 141 165 NaN
f 142 166 165
f 142 165 NaN
f 142 143 166
f 142 166 NaN
f 143 167 166
f 143 166 NaN
f 143 144 167
f 143 167 NaN
f 144 168 167
f 144 167 NaN
f 144 145 168
f 144 168 NaN
f 145 169 168
f 145 168 NaN
f 145 146 169
f 145 169 NaN
f 146 170 169
f 146 169 NaN
f 146 147 170
f 146 170 NaN
f 147 171 170
f 147 170 NaN
f 147 148 171
f 147 171 NaN
f 148 172 171
f 148 171 NaN
f 148 149 172
f 148 172 NaN
f 149 173 172
f 149 172 NaN
f 149 150 173
f 149 173 NaN
f 150 174 173
f 150 173 NaN
f 150 151 174
f 150 174 NaN
f 151 175 174
f 151 174 NaN
f 151 152 175
f 151 175 NaN
f 152 176 175
f 152 175 NaN
f 152 153 176
f 152 176 NaN
f 153 177 176
f 153 176 NaN
f 153 154 177
f 153 177 NaN
f 154 178 177
f 154 177 NaN
f 154 155 178
f 154 178 NaN
f 155 179 178
f 155 178 NaN
f 155 156 179
f 155 179 NaN
f 156 180 179
f 156 179 NaN
f 156 157 180
f 156 180 NaN
f 157 181 180
f 157 180 NaN
f 157 158 181
f 157 181 NaN
f 158 182 181
f 158 181 NaN
f 158 159 182
f 158 182 NaN
f 159 183 182
f 159 182 NaN
f 159 160 183
f 159 183 NaN
f 160 184 183
f 160 183 NaN
f 160 137 184
f 160 184 NaN
f 137 161 184
f 137 184 NaN
f 161 162 185
f 161 185 NaN
f 162 186 185
f 162 185 NaN
f 162 163 186
f 162 186 NaN
f 163 187 186
f 163 186 NaN
f 163 164 187
f 163 187 NaN
f 164 188 187
f 164 187 NaN
f 164 165 188
f 164 188 NaN
f 165 189 188
f 165 188 NaN
f 165 166 189
f 165 189 NaN
f 166 190 189
f 166 189 NaN
f 166 167 190
f 166 190 NaN
f 167 191 190
f 167 190 NaN
f 167 168 191
f 167 191 NaN
f 168 192 191
f 168 191 NaN
f 168 169 192
f 168 192 NaN
f 169 193 192
f 169 192 NaN
f 169 170 193
f 169 193 NaN
f 170 194 193
f 170 193 NaN
f 170 171 194
f 170 194 NaN
f 171 195 194
f 171 194 NaN
f 171 172 195
f 171 195 NaN
f 172 196 195
f 172 195 NaN
f 172 173 196
f 172 196 NaN
f 173 197 196
f 173 196 NaN
f 173 174 197
f 173 197 NaN
f 174 198 197
f 174 197 NaN
f 174 175 198
f 174 198 NaN
f 175 199 198
f 175 198 NaN
f 175 176 199
f 175 199 NaN
f 176 200 199
f 176 199 NaN
f 176 177 200
f 176 200 NaN
f 177 201 200
f 177 200 NaN
f 177 178 201
f 177 201 NaN
f 178 202 201
f 178 201 NaN
f 178 179 202
f 178 202 NaN
f 179 203 202
f 179 202 NaN
f 179 180 203
f 179 203 NaN
f 180 204 203
f 180 203 NaN
f 180 181 204
f 180 204 NaN
f 181 205 204
f 181 204 NaN
f 181 182 205
f 181 205 NaN
f 182 206 205
f 182 205 NaN
f 182 183 206
f 182 206 NaN
f 183 207 206
f 183 206 NaN
f 183 184 207
f 183 207 NaN
f 184 208 207
f 184 207 NaN
f 184 161 208
f 184 208 NaN
f 161 185 208
f 161 208 NaN
f 185 186 209
f 185 209 NaN
f 186 210 209
f 186 209 NaN
f 186 187 210
f 186 210 NaN
f 187 211 210
f 187 210 NaN
f 187 188 211
f 187 211 NaN
f 188 212 211
f 188 211 NaN
f 188 189 212
f 188 212 NaN
f 189 213 212
f 189 212 NaN
f 189 190 213
f 189 213 NaN
f 190 214 213
f 190 213 NaN
f 190 191 214
f 190 214 NaN
f 191 215 214
f 191 214 NaN
f 191 192 215
f 191 215 NaN
f 192 216 215
f 192 215 NaN
f 192 193 216
f 192 216 NaN
f 193 217 216
f 193 216 NaN
f 193 194 217
f 193 217 NaN
f 194 218 217
f 194 217 NaN
f 194 195 218
f 194 218 NaN
f 195 219 218
f 195 218 NaN
f 195 196 219
f 195 219 NaN
f 196 220 219
f 196 219 NaN
f 196 197 220
f 196 220 NaN
f 197 221 220
f 197 220 NaN
f 197 198 221
f 197 221 NaN
f 198 222 221
f 198 221 NaN
f 198 199 222
f 198 222 NaN
f 199 223 222
f 199 222 NaN
f 199 200 223
f 199 223 NaN
f 200 224 223
f 200 223 NaN
f 200 201 224
f 200 224 NaN
f 201 225 224
f 201 224 NaN
f 201 202 225
f 201 225 NaN
f 202 226 225
f 202 225 NaN
f 202 203 226
f 202 226 NaN
f 203 227 226
f 203 226 NaN
f 203 204 227
f 203 227 NaN
f 204 228 227
f 204 227 NaN
f 204 205 228
f 204 228 NaN
f 205 229 228
f 205 228 NaN
f 205 206 229
f 205 229 NaN
f 206 230 229
f 206 229 NaN
f 206 207 230
f 206 230 NaN
f 207 231 230
f 207 230 NaN
f 207 208 231
f 207 231 NaN
f 208 232 231
f 208 231 NaN
f 208 185 232
f 208 232 NaN
f 185 209 232
f 185 232 NaN
f 209 210 233
f 209 233 NaN
f 210 234 233
f 210 233 NaN
f 210 211 234
f 210 234 NaN
f 211 235 234
f 211 234 NaN
f 211 212 235
f 211 235 NaN
f 212 236 235
f 212 235 NaN
f 212 213 236
f 212 236 NaN
f 213 237 236
f 213 236 NaN
f 213 214 237
f 213 237 NaN
f 214 238 237
f 214 237 NaN
f 214 215 238
f 214 238 NaN
f 215 239 238
f 215 238 NaN
f 215 216 239
f 215 239 NaN
f 216 240 239
f 216 239 NaN
f 216 217 240
f 216 240 NaN
f 217 241 240
f 217 240 NaN
f 217 218 241
f 217 241 NaN
f 218 242 241
f 218 241 NaN
f 218 219 242
f 218 242 NaN
f 219 243 242
f 219 242 NaN
f 219 220 243
f 219 243 NaN
f 220 244 243
f 220 243 NaN
f 220 221 244
f 220 244 NaN
f 221 245 244
f 221 244 NaN
f 221 222 245
f 221 245 NaN
f 222 246 245
f 222 245 NaN
f 222 223 246
f 222 246 NaN
f 223 247 246
f 223 246 NaN
f 223 224 247
f 223 247 NaN
f 224 248 247
f 224 247 NaN
f 224 225 248
f 224 248 NaN
f 225 249 248
f 225 248 NaN
f 225 226 249
f 225 249 NaN
f 226 250 249
f 226 249 NaN
f 226 227 250
f 226 250 NaN
f 227 251 250
f 227 250 NaN
f 227 228 251
f 227 251 NaN
f 228 252 251
f 228 251 NaN
f 228 229 252
f 228 252 NaN
f 229 253 252
f 229 252 NaN
f 229 230 253
f 229 253 NaN
f 230 254 253
f 230 253 NaN
f 230 231 254
f 230 254 NaN
f 231 255 254
f 231 254 NaN
f 231 232 255
f 231 255 NaN
f 232 256 255
f 232 255 NaN
f 232 209 256
f 232 256 NaN
f 209 233 256
f 209 256 NaN
f 233 234 257
f 233 257 NaN
f 234 257 NaN
f 235 258 234
f 235 234 NaN
f 235 236 258
f 235 258 NaN
f 236 259 258
f 236 258 NaN
f 236 237 259
f 236 259 NaN
f 237 260 259
f 237 259 NaN
f 237 238 260
f 237 260 NaN
f 238 261 260
f 238 260 NaN
f 238 239 261
f 238 261 NaN
f 239 262 261
f 239 261 NaN
f 239 240 262
f 239 262 NaN
f 240 263 262
f 240 262 NaN
f 240 241 263
f 240 263 NaN
f 241 264 263
f 241 263 NaN
f 241 242 264
f 241 264 NaN
f 242 265 264
f 242 264 NaN
f 242 243 265
f 242 265 NaN
f 243 266 265
f 243 265 NaN
f 243 244 266
f 243 266 NaN
f 244 267 266
f 244 266 NaN
f 244 245 267
f 244 267 NaN
f 245 268 267
f 245 267 NaN
f 245 246 268
f 245 268 NaN
f 246 269 268
f 246 268 NaN
f 246 247 269
f 246 269 NaN
f 247 270 269
f 247 269 NaN
f 247 248 270
f 247 270 NaN
f 248 271 270
f 248 270 NaN
f 248 249 271
f 248 271 NaN
f 249 272 271
f 249 271 NaN
f 249 250 272
f 249 272 NaN
f 250 273 272
f 250 272 NaN
f 250 251 273
f 250 273 NaN
f 251 274 273
f 251 273 NaN
f 251 252 274
f 251 274 NaN
f 252 275 274
f 252 274 NaN
f 252 253 275
f 252 275 NaN
f 253 275 NaN
f 254 276 253
f 254 253 NaN
f 254 255 276
f 254 276 NaN
f 255 277 276
f 255 276 NaN
f 255 256 277
f 255 277 NaN
f 256 278 277
f 256 277 NaN
f 256 233 278
f 256 278 NaN
f 233 257 278
f 233 278 NaN
f 257 234 279
f 257 279 NaN
f 234 280 279
f 234 279 NaN
f 234 258 280
f 234 280 NaN
f 258 281 280
f 258 280 NaN
f 258 259 281
f 258 281 NaN
f 259 282 281
f 259 281 NaN
f 259 260 282
f 259 282 NaN
f 260 283 282
f 260 282 NaN
f 260 261 283
f 260 283 NaN
f 261 283 NaN
f 261 262 283
f 262 284 283
f 262 283 NaN
f 262 263 284
f 262 284 NaN
f 263 285 284
f 263 284 NaN
f 263 264 285
f 263 285 NaN
f 264 286 285
f 264 285 NaN
f 264 265 286
f 264 286 NaN
f 265 287 286
f 265 286 NaN
f 265 266 287
f 265 287 NaN
f 266 288 287
f 266 287 NaN
f 266 267 288
f 266 288 NaN
f 267 289 288
f 267 288 NaN
f 267 268 289
f 267 289 NaN
f 268 289 NaN
f 269 290 268
f 269 268 NaN
f 269 270 290
f 269 290 NaN
f 270 291 290
f 270 290 NaN
f 270 271 291
f 270 291 NaN
f 271 292 291
f 271 291 NaN
f 271 272 292
f 271 292 NaN
f 272 293 292
f 272 292 NaN
f 272 273 293
f 272 293 NaN
f 273 294 293
f 273 293 NaN
f 273 274 294
f 273 294 NaN
f 274 295 294
f 274 294 NaN
f 274 275 295
f 274 295 NaN
f 275 296 295
f 275 295 NaN
f 275 253 296
f 275 296 NaN
f 253 296 NaN
f 253 276 296
f 276 297 296
f 276 296 NaN
f 276 277 297
f 276 297 NaN
f 277 298 297
f 277 297 NaN
f 277 278 298
f 277 298 NaN
f 278 299 298
f 278 298 NaN
f 278 257 299
f 278 299 NaN
f 257 279 299
f 257 299 NaN
f 279 280 300
f 279 300 NaN
f 280 301 300
f 280 300 NaN
f 280 281 301
f 280 301 NaN
f 281 302 301
f 281 301 NaN
f 281 282 302
f 281 302 NaN
f 282 302 NaN
f 282 283 302
f 283 303 302
f 283 302 NaN
f 283 303 NaN
f 283 304 303
f 283 284 304
f 283 304 NaN
f 284 304 NaN
f 284 285 304
f 285 305 304
f 285 304 NaN
f 285 286 305
f 285 305 NaN
f 286 306 305
f 286 305 NaN
f 286 287 306
f 286 306 NaN
f 287 307 306
f 287 306 NaN
f 287 288 307
f 287 307 NaN
f 288 308 307
f 288 307 NaN
f 288 289 308
f 288 308 NaN
f 289 309 308
f 289 308 NaN
f 289 268 309
f 289 309 NaN
f 268 310 309
f 268 309 NaN
f 268 290 310
f 268 310 NaN
f 290 311 310
f 290 310 NaN
f 290 291 311
f 290 311 NaN
f 291 311 NaN
f 292 312 291
f 292 291 NaN
f 292 293 312
f 292 312 NaN
f 293 313 312
f 293 312 NaN
f 293 294 313
f 293 313 NaN
f 294 314 313
f 294 313 NaN
f 294 295 314
f 294 314 NaN
f 295 315 314
f 295 314 NaN
f 295 296 315
f 295 315 NaN
f 296 315 NaN
f 296 316 315
f 296 297 316
f 296 316 NaN
f 297 317 316
f 297 316 NaN
f 297 298 317
f 297 317 NaN
f 298 317 NaN
f 298 299 317
f 299 318 317
f 299 317 NaN
f 299 279 318
f 299 318 NaN
f 279 300 318
f 279 318 NaN
f 301 319 300
f 301 300 NaN
f 301 302 319
f 301 319 NaN
f 302 319 NaN
f 302 320 319
f 302 303 320
f 302 320 NaN
f 303 320 NaN
f 303 304 320
f 304 321 320
f 304 320 NaN
f 304 321 NaN
f 304 305 321
f 305 322 321
f 305 321 NaN
f 305 306 322
f 305 322 NaN
f 306 322 NaN
f 306 307 322
f 307 322 NaN
f 308 323 307
f 308 307 NaN
f 308 309 323
f 308 323 NaN
f 309 323 NaN
f 309 310 323
f 310 324 323
f 310 323 NaN
f 310 311 324
f 310 324 NaN
f 311 325 324
f 311 324 NaN
f 311 291 325
f 311 325 NaN
f 291 325 NaN
f 291 312 325
f 312 326 325
f 312 325 NaN
f 312 313 326
f 312 326 NaN
f 313 327 326
f 313 326 NaN
f 313 314 327
f 313 327 NaN
f 314 327 NaN
f 314 315 327
f 315 328 327
f 315 327 NaN
f 315 328 NaN
f 315 316 328
f 316 329 328
f 316 328 NaN
f 316 317 329
f 316 329 NaN
f 317 329 NaN
f 317 330 329
f 317 318 330
f 317 330 NaN
f 318 330 NaN
f 318 300 330
f 300 330 NaN
f 300 319 331
f 300 331 NaN
f 319 331 NaN
f 319 332 331
f 319 320 332
f 319 332 NaN
f 320 332 NaN
f 320 321 332
f 321 332 NaN
f 321 322 332
f 322 333 332
f 322 332 NaN
f 322 333 NaN
f 322 307 333
f 307 333 NaN
f 307 323 333
f 323 333 NaN
f 323 334 333
f 323 324 334
f 323 334 NaN
f 324 334 NaN
f 324 325 334
f 325 334 NaN
f 325 326 334
f 326 335 334
f 326 334 NaN
f 326 327 335
f 326 335 NaN
f 327 335 NaN
f 327 328 335
f 328 336 335
f 328 335 NaN
f 328 336 NaN
f 328 329 336
f 329 336 NaN
f 329 330 336
f 330 337 336
f 330 336 NaN
f 330 337 NaN
f 330 331 337
f 330 300 331
f 330 331 NaN
f 331 337 NaN
f 331 332 337
f 332 337 NaN
f 332 333 337
f 333 337 NaN
f 333 334 337
f 334 337 NaN
f 334 335 337
f 335 337 NaN
f 335 336 337
f 336 337 NaN
f 338 59 NaN
f 338 58 59
f 338 58 NaN
f 338 339 58
f 338 339 NaN
f 338 340 NaN
f 338 60 340
f 338 59 60
f 338 60 NaN
f 59 60 NaN
f 59 341 60
f 59 341 NaN
f 59 58 341
f 58 342 341
f 58 341 NaN
f 58 342 NaN
f 58 339 81
f 339 81 NaN
f 339 343 81
f 339 343 NaN
f 339 344 343
f 339 344 NaN
f 339 345 344
f 339 345 NaN
f 339 338 345
f 338 346 345
f 338 345 NaN
f 338 346 NaN
f 338 347 346
f 338 347 NaN
f 338 84 347
f 338 84 NaN
f 338 340 84
f 340 60 348
f 340 348 NaN
f 60 109 348
f 60 348 NaN
f 60 109 NaN
f 60 349 109
f 60 349 NaN
f 60 61 349
f 60 341 61
f 60 61 NaN
f 341 61 NaN
f 341 350 61
f 341 350 NaN
f 341 342 350
f 342 351 350
f 342 350 NaN
f 342 351 NaN
f 58 57 342
f 58 57 NaN
f 81 352 57
f 81 352 NaN
f 81 353 352
f 81 343 353
f 81 353 NaN
f 343 344 353
f 343 353 NaN
f 343 344 NaN
f 344 345 354
f 344 354 NaN
f 345 354 NaN
f 345 346 355
f 345 355 NaN
f 346 356 355
f 346 355 NaN
f 346 356 NaN
f 346 347 356
f 346 347 NaN
f 84 357 347
f 84 347 NaN
f 84 357 NaN
f 84 348 357
f 84 340 348
f 84 348 NaN
f 348 109 NaN
f 349 109 NaN
f 61 358 349
f 61 349 NaN
f 61 358 NaN
f 61 359 358
f 61 350 359
f 61 359 NaN
f 350 360 359
f 350 359 NaN
f 350 360 NaN
f 350 351 360
f 351 361 360
f 351 360 NaN
f 351 342 361
f 351 361 NaN
f 342 362 361
f 342 361 NaN
f 342 57 362
f 342 362 NaN
f 57 362 NaN
f 57 352 362
f 352 363 362
f 352 362 NaN
f 352 353 363
f 352 363 NaN
f 353 105 363
f 353 363 NaN
f 353 344 105
f 353 105 NaN
f 344 105 NaN
f 344 364 105
f 344 354 364
f 344 364 NaN
f 354 365 364
f 354 364 NaN
f 354 365 NaN
f 354 366 365
f 354 345 366
f 354 366 NaN
f 345 367 366
f 345 366 NaN
f 345 355 367
f 345 367 NaN
f 355 368 367
f 355 367 NaN
f 355 356 368
f 355 368 NaN
f 356 369 368
f 356 368 NaN
f 356 369 NaN
f 356 347 369
f 347 370 369
f 347 369 NaN
f 347 370 NaN
f 347 371 370
f 347 357 371
f 347 371 NaN
f 357 371 NaN
f 357 348 371
f 348 372 371
f 348 371 NaN
f 348 372 NaN
f 348 109 372
f 109 134 NaN
f 109 373 134
f 109 349 373
f 109 373 NaN
f 349 373 NaN
f 349 358 373
f 358 373 NaN
f 359 374 358
f 359 358 NaN
f 359 360 374
f 359 374 NaN
f 360 374 NaN
f 360 375 374
f 360 361 375
f 360 375 NaN
f 361 376 375
f 361 375 NaN
f 361 362 376
f 361 376 NaN
f 362 377 376
f 362 376 NaN
f 362 377 NaN
f 362 378 377
f 362 363 378
f 362 378 NaN
f 363 379 378
f 363 378 NaN
f 363 105 379
f 363 379 NaN
f 105 379 NaN
f 105 128 379
f 105 364 128
f 364 128 NaN
f 365 364 NaN
f 366 380 365
f 366 365 NaN
f 366 367 380
f 366 380 NaN
f 367 381 380
f 367 380 NaN
f 367 368 381
f 367 381 NaN
f 368 382 381
f 368 381 NaN
f 368 369 382
f 368 382 NaN
f 369 383 382
f 369 382 NaN
f 369 383 NaN
f 369 384 383
f 369 370 384
f 369 384 NaN
f 370 384 NaN
f 370 371 384
f 371 385 384
f 371 384 NaN
f 371 385 NaN
f 371 386 385
f 371 372 386
f 371 386 NaN
f 372 387 386
f 372 386 NaN
f 372 109 387
f 372 387 NaN
f 109 134 387
f 109 387 NaN
f 134 373 158
f 373 158 NaN
f 373 358 388
f 373 388 NaN
f 358 389 388
f 358 388 NaN
f 358 374 389
f 358 389 NaN
f 374 389 NaN
f 374 390 389
f 374 375 390
f 374 390 NaN
f 375 391 390
f 375 390 NaN
f 375 376 391
f 375 391 NaN
f 376 392 391
f 376 391 NaN
f 376 377 392
f 376 392 NaN
f 377 393 392
f 377 392 NaN
f 377 378 393
f 377 393 NaN
f 378 394 393
f 378 393 NaN
f 378 379 394
f 378 394 NaN
f 379 395 394
f 379 394 NaN
f 379 395 NaN
f 379 396 395
f 379 128 396
f 379 396 NaN
f 128 152 396
f 128 396 NaN
f 128 364 152
f 364 397 152
f 364 152 NaN
f 364 365 397
f 364 397 NaN
f 365 398 397
f 365 397 NaN
f 365 380 398
f 365 398 NaN
f 380 398 NaN
f 381 399 380
f 381 380 NaN
f 381 382 399
f 381 399 NaN
f 382 400 399
f 382 399 NaN
f 382 383 400
f 382 400 NaN
f 383 401 400
f 383 400 NaN
f 383 384 401
f 383 401 NaN
f 384 402 401
f 384 401 NaN
f 384 402 NaN
f 384 403 402
f 384 385 403
f 384 403 NaN
f 385 403 NaN
f 386 404 385
f 386 385 NaN
f 386 387 404
f 386 404 NaN
f 387 405 404
f 387 404 NaN
f 387 134 405
f 387 405 NaN
f 134 158 405
f 134 405 NaN
f 158 373 406
f 158 406 NaN
f 373 407 406
f 373 406 NaN
f 373 388 407
f 373 407 NaN
f 388 408 407
f 388 407 NaN
f 388 389 408
f 388 408 NaN
f 389 409 408
f 389 408 NaN
f 389 409 NaN
f 389 410 409
f 389 390 410
f 389 410 NaN
f 390 410 NaN
f 391 390 NaN
f 392 391 NaN
f 393 411 392
f 393 392 NaN
f 393 394 411
f 393 411 NaN
f 394 412 411
f 394 411 NaN
f 394 395 412
f 394 412 NaN
f 395 413 412
f 395 412 NaN
f 395 396 413
f 395 413 NaN
f 396 414 413
f 396 413 NaN
f 396 152 414
f 396 414 NaN
f 152 415 414
f 152 414 NaN
f 152 397 415
f 152 415 NaN
f 397 416 415
f 397 415 NaN
f 397 398 416
f 397 416 NaN
f 398 417 416
f 398 416 NaN
f 398 380 417
f 398 417 NaN
f 380 418 417
f 380 417 NaN
f 380 399 418
f 380 418 NaN
f 399 419 418
f 399 418 NaN
f 399 400 419
f 399 419 NaN
f 400 420 419
f 400 419 NaN
f 400 401 420
f 400 420 NaN
f 401 421 420
f 401 420 NaN
f 401 402 421
f 401 421 NaN
f 402 422 421
f 402 421 NaN
f 402 403 422
f 402 422 NaN
f 403 423 422
f 403 422 NaN
f 403 385 423
f 403 423 NaN
f 385 424 423
f 385 423 NaN
f 385 404 424
f 385 424 NaN
f 404 425 424
f 404 424 NaN
f 404 405 425
f 404 425 NaN
f 405 426 425
f 405 425 NaN
f 405 158 426
f 405 426 NaN
f 158 406 426
f 158 426 NaN
f 407 183 406
f 407 406 NaN
f 407 408 183
f 407 183 NaN
f 408 427 183
f 408 183 NaN
f 408 409 427
f 408 427 NaN
f 409 427 NaN
f 409 410 427
f 410 427 NaN
f 390 428 410
f 390 391 428
f 390 428 NaN
f 391 429 428
f 391 428 NaN
f 391 392 429
f 391 429 NaN
f 392 430 429
f 392 429 NaN
f 392 411 430
f 392 430 NaN
f 411 430 NaN
f 412 431 411
f 412 411 NaN
f 412 413 431
f 412 431 NaN
f 413 432 431
f 413 431 NaN
f 413 414 432
f 413 432 NaN
f 414 433 432
f 414 432 NaN
f 414 415 433
f 414 433 NaN
f 415 434 433
f 415 433 NaN
f 415 416 434
f 415 434 NaN
f 416 435 434
f 416 434 NaN
f 416 417 435
f 416 435 NaN
f 417 436 435
f 417 435 NaN
f 417 418 436
f 417 436 NaN
f 418 437 436
f 418 436 NaN
f 418 419 437
f 418 437 NaN
f 419 437 NaN
f 420 438 419
f 420 419 NaN
f 420 421 438
f 420 438 NaN
f 421 439 438
f 421 438 NaN
f 421 422 439
f 421 439 NaN
f 422 440 439
f 422 439 NaN
f 422 423 440
f 422 440 NaN
f 423 440 NaN
f 424 441 423
f 424 423 NaN
f 424 425 441
f 424 441 NaN
f 425 442 441
f 425 441 NaN
f 425 426 442
f 425 442 NaN
f 426 443 442
f 426 442 NaN
f 426 406 443
f 426 443 NaN
f 406 443 NaN
f 406 183 444
f 406 444 NaN
f 183 207 444
f 183 444 NaN
f 183 427 207
f 427 445 207
f 427 207 NaN
f 427 445 NaN
f 427 446 445
f 427 410 446
f 427 446 NaN
f 410 447 446
f 410 446 NaN
f 410 428 447
f 410 447 NaN
f 428 448 447
f 428 447 NaN
f 428 429 448
f 428 448 NaN
f 429 449 448
f 429 448 NaN
f 429 430 449
f 429 449 NaN
f 430 450 449
f 430 449 NaN
f 430 411 450
f 430 450 NaN
f 411 451 450
f 411 450 NaN
f 411 431 451
f 411 451 NaN
f 431 452 451
f 431 451 NaN
f 431 432 452
f 431 452 NaN
f 432 453 452
f 432 452 NaN
f 432 433 453
f 432 453 NaN
f 433 454 453
f 433 453 NaN
f 433 434 454
f 433 454 NaN
f 434 455 454
f 434 454 NaN
f 434 435 455
f 434 455 NaN
f 435 456 455
f 435 455 NaN
f 435 436 456
f 435 456 NaN
f 436 457 456
f 436 456 NaN
f 436 437 457
f 436 457 NaN
f 437 458 457
f 437 457 NaN
f 437 419 458
f 437 458 NaN
f 419 459 458
f 419 458 NaN
f 419 438 459
f 419 459 NaN
f 438 460 459
f 438 459 NaN
f 438 439 460
f 438 460 NaN
f 439 460 NaN
f 440 461 439
f 440 439 NaN
f 440 423 461
f 440 461 NaN
f 423 462 461
f 423 461 NaN
f 423 441 462
f 423 462 NaN
f 441 463 462
f 441 462 NaN
f 441 442 463
f 441 463 NaN
f 442 464 463
f 442 463 NaN
f 442 443 464
f 442 464 NaN
f 443 465 464
f 443 464 NaN
f 443 406 465
f 443 465 NaN
f 406 444 465
f 406 465 NaN
f 444 207 466
f 444 466 NaN
f 207 231 466
f 207 466 NaN
f 207 445 231
f 445 467 231
f 445 231 NaN
f 445 446 467
f 445 467 NaN
f 446 468 467
f 446 467 NaN
f 446 447 468
f 446 468 NaN
f 447 469 468
f 447 468 NaN
f 447 448 469
f 447 469 NaN
f 448 470 469
f 448 469 NaN
f 448 449 470
f 448 470 NaN
f 449 471 470
f 449 470 NaN
f 449 450 471
f 449 471 NaN
f 450 472 471
f 450 471 NaN
f 450 451 472
f 450 472 NaN
f 451 473 472
f 451 472 NaN
f 451 452 473
f 451 473 NaN
f 452 474 473
f 452 473 NaN
f 452 453 474
f 452 474 NaN
f 453 475 474
f 453 474 NaN
f 453 454 475
f 453 475 NaN
f 454 476 475
f 454 475 NaN
f 454 455 476
f 454 476 NaN
f 455 477 476
f 455 476 NaN
f 455 456 477
f 455 477 NaN
f 456 477 NaN
f 457 478 456
f 457 456 NaN
f 457 458 478
f 457 478 NaN
f 458 479 478
f 458 478 NaN
f 458 459 479
f 458 479 NaN
f 459 480 479
f 459 479 NaN
f 459 460 480
f 459 480 NaN
f 460 481 480
f 460 480 NaN
f 460 439 481
f 460 481 NaN
f 439 482 481
f 439 481 NaN
f 439 461 482
f 439 482 NaN
f 461 483 482
f 461 482 NaN
f 461 462 483
f 461 483 NaN
f 462 484 483
f 462 483 NaN
f 462 463 484
f 462 484 NaN
f 463 485 484
f 463 484 NaN
f 463 464 485
f 463 485 NaN
f 464 486 485
f 464 485 NaN
f 464 465 486
f 464 486 NaN
f 465 486 NaN
f 444 466 465
f 444 465 NaN
f 466 231 487
f 466 487 NaN
f 231 488 487
f 231 487 NaN
f 231 467 488
f 231 488 NaN
f 467 488 NaN
f 468 489 467
f 468 467 NaN
f 468 469 489
f 468 489 NaN
f 469 490 489
f 469 489 NaN
f 469 470 490
f 469 490 NaN
f 470 491 490
f 470 490 NaN
f 470 471 491
f 470 491 NaN
f 471 492 491
f 471 491 NaN
f 471 472 492
f 471 492 NaN
f 472 493 492
f 472 492 NaN
f 472 473 493
f 472 493 NaN
f 473 494 493
f 473 493 NaN
f 473 474 494
f 473 494 NaN
f 474 495 494
f 474 494 NaN
f 474 475 495
f 474 495 NaN
f 475 495 NaN
f 476 248 475
f 476 475 NaN
f 476 477 248
f 476 248 NaN
f 477 224 248
f 477 248 NaN
f 477 456 224
f 477 224 NaN
f 456 496 224
f 456 224 NaN
f 456 478 496
f 456 496 NaN
f 478 497 496
f 478 496 NaN
f 478 479 497
f 478 497 NaN
f 479 498 497
f 479 497 NaN
f 479 480 498
f 479 498 NaN
f 480 499 498
f 480 498 NaN
f 480 481 499
f 480 499 NaN
f 481 500 499
f 481 499 NaN
f 481 482 500
f 481 500 NaN
f 482 501 500
f 482 500 NaN
f 482 483 501
f 482 501 NaN
f 483 502 501
f 483 501 NaN
f 483 484 502
f 483 502 NaN
f 484 503 502
f 484 502 NaN
f 484 485 503
f 484 503 NaN
f 485 504 503
f 485 503 NaN
f 485 486 504
f 485 504 NaN
f 486 505 504
f 486 504 NaN
f 486 465 505
f 486 505 NaN
f 465 506 505
f 465 505 NaN
f 465 466 506
f 465 506 NaN
f 466 487 506
f 466 506 NaN
f 487 488 507
f 487 507 NaN
f 488 276 507
f 488 507 NaN
f 488 467 276
f 488 276 NaN
f 467 508 276
f 467 276 NaN
f 467 489 508
f 467 508 NaN
f 489 509 508
f 489 508 NaN
f 489 490 509
f 489 509 NaN
f 490 510 509
f 490 509 NaN
f 490 491 510
f 490 510 NaN
f 491 511 510
f 491 510 NaN
f 491 492 511
f 491 511 NaN
f 492 512 511
f 492 511 NaN
f 492 493 512
f 492 512 NaN
f 493 513 512
f 493 512 NaN
f 493 494 513
f 493 513 NaN
f 494 514 513
f 494 513 NaN
f 494 495 514
f 494 514 NaN
f 495 515 514
f 495 514 NaN
f 495 475 515
f 495 515 NaN
f 475 247 515
f 475 515 NaN
f 475 248 247
f 475 247 NaN
f 248 516 247
f 248 247 NaN
f 248 224 516
f 248 516 NaN
f 224 517 516
f 224 516 NaN
f 224 496 517
f 224 517 NaN
f 496 518 517
f 496 517 NaN
f 496 497 518
f 496 518 NaN
f 497 518 NaN
f 497 498 518
f 498 519 518
f 498 518 NaN
f 498 499 519
f 498 519 NaN
f 499 520 519
f 499 519 NaN
f 499 500 520
f 499 520 NaN
f 500 521 520
f 500 520 NaN
f 500 501 521
f 500 521 NaN
f 501 522 521
f 501 521 NaN
f 501 502 522
f 501 522 NaN
f 502 523 522
f 502 522 NaN
f 502 503 523
f 502 523 NaN
f 503 524 523
f 503 523 NaN
f 503 504 524
f 503 524 NaN
f 504 525 524
f 504 524 NaN
f 504 505 525
f 504 525 NaN
f 505 526 525
f 505 525 NaN
f 505 506 526
f 505 526 NaN
f 506 526 NaN
f 506 487 526
f 487 507 526
f 487 526 NaN
f 507 276 527
f 507 527 NaN
f 276 277 527
f 276 527 NaN
f 276 508 277
f 276 277 NaN
f 508 277 NaN
f 508 509 277
f 509 528 277
f 509 277 NaN
f 509 510 528
f 509 528 NaN
f 510 529 528
f 510 528 NaN
f 510 511 529
f 510 529 NaN
f 511 529 NaN
f 511 512 529
f 512 530 529
f 512 529 NaN
f 512 513 530
f 512 530 NaN
f 513 531 530
f 513 530 NaN
f 513 514 531
f 513 531 NaN
f 514 532 531
f 514 531 NaN
f 514 515 532
f 514 532 NaN
f 515 533 532
f 515 532 NaN
f 515 247 533
f 515 533 NaN
f 247 534 533
f 247 533 NaN
f 247 516 534
f 247 534 NaN
f 516 534 NaN
f 516 517 534
f 517 535 534
f 517 534 NaN
f 517 518 535
f 517 535 NaN
f 518 536 535
f 518 535 NaN
f 518 536 NaN
f 518 537 536
f 518 519 537
f 518 537 NaN
f 519 537 NaN
f 520 538 519
f 520 519 NaN
f 520 521 538
f 520 538 NaN
f 521 538 NaN
f 522 521 NaN
f 523 522 NaN
f 524 539 523
f 524 523 NaN
f 524 525 539
f 524 539 NaN
f 525 539 NaN
f 526 540 525
f 526 525 NaN
f 526 540 NaN
f 526 541 540
f 526 507 541
f 526 541 NaN
f 507 527 541
f 507 541 NaN
f 527 277 542
f 527 542 NaN
f 277 297 542
f 277 542 NaN
f 277 528 297
f 528 317 297
f 528 297 NaN
f 528 529 317
f 528 317 NaN
f 529 543 317
f 529 317 NaN
f 529 543 NaN
f 529 530 543
f 529 530 NaN
f 531 530 NaN
f 532 544 531
f 532 531 NaN
f 532 533 544
f 532 544 NaN
f 533 312 544
f 533 544 NaN
f 533 534 312
f 533 312 NaN
f 534 292 312
f 534 312 NaN
f 534 292 NaN
f 534 535 292
f 535 545 292
f 535 292 NaN
f 535 536 545
f 535 545 NaN
f 536 545 NaN
f 537 546 536
f 537 536 NaN
f 537 519 546
f 537 546 NaN
f 519 547 546
f 519 546 NaN
f 519 538 547
f 519 547 NaN
f 538 548 547
f 538 547 NaN
f 538 521 548
f 538 548 NaN
f 521 549 548
f 521 548 NaN
f 521 522 549
f 521 549 NaN
f 522 550 549
f 522 549 NaN
f 522 523 550
f 522 550 NaN
f 523 550 NaN
f 523 539 550
f 539 551 550
f 539 550 NaN
f 539 525 551
f 539 551 NaN
f 525 552 551
f 525 551 NaN
f 525 540 552
f 525 552 NaN
f 540 552 NaN
f 540 541 552
f 541 553 552
f 541 552 NaN
f 541 527 553
f 541 553 NaN
f 527 542 553
f 527 553 NaN
f 542 297 554
f 542 554 NaN
f 297 554 NaN
f 317 555 297
f 317 543 555
f 317 555 NaN
f 543 555 NaN
f 543 530 555
f 530 556 555
f 530 555 NaN
f 530 556 NaN
f 530 531 556
f 531 557 556
f 531 556 NaN
f 531 544 557
f 531 557 NaN
f 544 557 NaN
f 544 312 557
f 312 557 NaN
f 292 558 312
f 292 558 NaN
f 292 545 558
f 545 559 558
f 545 558 NaN
f 545 536 559
f 545 559 NaN
f 536 560 559
f 536 559 NaN
f 536 546 560
f 536 560 NaN
f 546 560 NaN
f 546 547 560
f 547 560 NaN
f 548 561 547
f 548 547 NaN
f 548 549 561
f 548 561 NaN
f 549 561 NaN
f 549 550 561
f 550 562 561
f 550 561 NaN
f 550 562 NaN
f 550 551 562
f 551 563 562
f 551 562 NaN
f 551 552 563
f 551 563 NaN
f 552 563 NaN
f 552 564 563
f 552 553 564
f 552 564 NaN
f 553 564 NaN
f 553 542 564
f 542 554 564
f 542 564 NaN
f 554 297 565
f 554 565 NaN
f 297 565 NaN
f 297 316 565
f 297 555 316
f 555 316 NaN
f 555 315 316
f 555 556 315
f 555 315 NaN
f 556 328 315
f 556 315 NaN
f 556 328 NaN
f 556 557 328
f 557 327 328
f 557 328 NaN
f 557 327 NaN
f 557 314 327
f 557 312 314
f 557 314 NaN
f 312 314 NaN
f 312 558 314
f 558 313 314
f 558 314 NaN
f 558 313 NaN
f 558 559 313
f 558 559 NaN
f 560 559 NaN
f 547 566 560
f 547 561 566
f 547 566 NaN
f 561 566 NaN
f 561 562 566
f 562 567 566
f 562 566 NaN
f 562 567 NaN
f 562 563 567
f 563 567 NaN
f 563 568 567
f 563 564 568
f 563 568 NaN
f 564 568 NaN
f 564 565 568
f 564 554 565
f 564 565 NaN
f 565 569 NaN
f 565 316 569
f 316 315 569
f 316 569 NaN
f 316 315 NaN
f 313 314 NaN
f 313 559 314
f 559 570 314
f 559 314 NaN
f 559 570 NaN
f 559 560 570
f 560 570 NaN
f 560 566 570
f 566 570 NaN
f 567 566 NaN
f 567 568 569
f 567 569 NaN
f 568 569 NaN
f 568 565 569
f 315 569 NaN
f 315 314 569
f 314 569 NaN
f 314 570 569
f 570 569 NaN
f 570 566 569
f 566 567 569
f 566 569 NaN
f 571 155 572
f 571 572 NaN
f 571 155 NaN
f 571 573 155
f 571 573 NaN
f 571 574 573
f 571 574 NaN
f 571 572 574
f 572 155 575
f 572 575 NaN
f 155 575 NaN
f 155 179 575
f 155 573 NaN
f 573 576 NaN
f 573 574 576
f 574 576 NaN
f 572 574 NaN
f 572 577 NaN
f 572 575 577
f 179 575 NaN
f 155 180 575
f 155 180 NaN
f 155 578 180
f 155 578 NaN
f 155 573 578
f 573 579 578
f 573 578 NaN
f 573 579 NaN
f 573 576 579
f 576 579 NaN
f 576 580 NaN
f 576 574 580
f 574 419 580
f 574 580 NaN
f 574 419 NaN
f 574 420 NaN
f 574 438 420
f 574 572 438
f 574 438 NaN
f 572 439 438
f 572 438 NaN
f 572 439 NaN
f 572 421 439
f 572 421 NaN
f 572 577 421
f 575 577 NaN
f 575 581 NaN
f 575 180 NaN
f 578 180 NaN
f 578 579 582
f 578 582 NaN
f 579 582 NaN
f 576 178 579
f 576 580 178
f 576 178 NaN
f 580 178 NaN
f 580 419 583
f 580 583 NaN
f 419 459 583
f 419 583 NaN
f 419 574 459
f 574 459 NaN
f 574 460 459
f 574 420 460
f 574 460 NaN
f 420 438 460
f 420 460 NaN
f 439 438 NaN
f 421 577 439
f 577 461 439
f 577 439 NaN
f 577 461 NaN
f 577 575 461
f 575 581 461
f 575 461 NaN
f 581 575 584
f 581 584 NaN
f 575 585 584
f 575 584 NaN
f 575 180 585
f 575 585 NaN
f 180 204 585
f 180 585 NaN
f 180 578 204
f 578 586 204
f 578 204 NaN
f 578 586 NaN
f 578 582 586
f 579 587 582
f 579 587 NaN
f 579 202 587
f 579 178 202
f 579 202 NaN
f 178 580 202
f 580 202 NaN
f 580 583 202
f 583 202 NaN
f 459 583 NaN
f 460 459 NaN
f 460 438 480
f 438 588 480
f 438 480 NaN
f 438 588 NaN
f 438 439 588
f 439 589 588
f 439 588 NaN
f 439 589 NaN
f 439 590 589
f 439 461 590
f 439 590 NaN
f 461 483 590
f 461 590 NaN
f 461 581 462
f 461 462 NaN
f 581 584 462
f 581 462 NaN
f 584 585 591
f 584 591 NaN
f 585 591 NaN
f 204 585 NaN
f 204 592 585
f 204 586 592
f 204 592 NaN
f 586 592 NaN
f 586 582 592
f 582 593 592
f 582 592 NaN
f 582 593 NaN
f 582 594 593
f 582 587 594
f 582 594 NaN
f 587 595 594
f 587 594 NaN
f 587 595 NaN
f 587 202 595
f 202 596 595
f 202 595 NaN
f 202 596 NaN
f 583 479 202
f 583 459 479
f 583 479 NaN
f 459 597 479
f 459 597 NaN
f 459 480 597
f 588 480 NaN
f 588 589 598
f 588 598 NaN
f 589 599 598
f 589 598 NaN
f 589 599 NaN
f 589 590 599
f 590 599 NaN
f 483 590 NaN
f 461 484 483
f 461 462 484
f 461 484 NaN
f 462 591 484
f 462 584 591
f 462 591 NaN
f 585 600 591
f 585 600 NaN
f 585 229 600
f 585 592 229
f 585 229 NaN
f 592 601 229
f 592 229 NaN
f 592 601 NaN
f 592 602 601
f 592 593 602
f 592 602 NaN
f 593 603 602
f 593 602 NaN
f 593 594 603
f 593 603 NaN
f 594 603 NaN
f 594 595 603
f 595 604 603
f 595 603 NaN
f 595 604 NaN
f 595 605 604
f 595 596 605
f 595 605 NaN
f 596 606 605
f 596 605 NaN
f 596 202 606
f 596 606 NaN
f 202 606 NaN
f 202 607 606
f 202 479 607
f 202 607 NaN
f 479 607 NaN
f 597 498 479
f 597 479 NaN
f 597 480 498
f 597 498 NaN
f 480 608 498
f 480 608 NaN
f 480 588 608
f 588 609 608
f 588 608 NaN
f 588 598 609
f 588 609 NaN
f 598 609 NaN
f 599 598 NaN
f 590 610 599
f 590 483 610
f 590 610 NaN
f 483 502 610
f 483 610 NaN
f 484 611 502
f 484 591 611
f 484 611 NaN
f 591 503 611
f 591 611 NaN
f 591 503 NaN
f 591 600 612
f 591 612 NaN
f 600 612 NaN
f 600 229 612
f 229 613 612
f 229 612 NaN
f 229 601 613
f 229 613 NaN
f 601 614 613
f 601 613 NaN
f 601 602 614
f 601 614 NaN
f 602 614 NaN
f 603 602 NaN
f 604 603 NaN
f 605 604 NaN
f 606 272 605
f 606 605 NaN
f 606 272 NaN
f 606 615 272
f 606 607 615
f 606 615 NaN
f 607 616 615
f 607 615 NaN
f 607 479 616
f 607 616 NaN
f 479 616 NaN
f 479 498 616
f 498 616 NaN
f 608 617 498
f 608 498 NaN
f 608 617 NaN
f 608 618 617
f 608 609 618
f 608 618 NaN
f 609 619 618
f 609 618 NaN
f 609 598 619
f 609 619 NaN
f 598 620 619
f 598 619 NaN
f 598 599 620
f 598 620 NaN
f 599 621 620
f 599 620 NaN
f 599 621 NaN
f 599 610 621
f 610 622 621
f 610 621 NaN
f 610 502 622
f 610 622 NaN
f 502 623 622
f 502 622 NaN
f 502 611 623
f 502 623 NaN
f 611 624 623
f 611 623 NaN
f 611 503 624
f 611 624 NaN
f 503 624 NaN
f 591 612 503
f 612 525 NaN
f 612 625 525
f 612 613 625
f 612 625 NaN
f 613 625 NaN
f 614 613 NaN
f 602 603 614
f 603 626 614
f 603 614 NaN
f 603 626 NaN
f 603 604 626
f 604 627 626
f 604 626 NaN
f 604 605 627
f 604 627 NaN
f 605 272 627
f 605 627 NaN
f 605 272 NaN
f 615 272 NaN
f 616 537 615
f 616 615 NaN
f 616 537 NaN
f 616 519 537
f 616 498 519
f 616 519 NaN
f 498 628 519
f 498 617 628
f 498 628 NaN
f 617 628 NaN
f 617 618 628
f 618 629 628
f 618 628 NaN
f 618 619 629
f 618 629 NaN
f 619 629 NaN
f 619 620 629
f 620 630 629
f 620 629 NaN
f 620 621 630
f 620 630 NaN
f 621 631 630
f 621 630 NaN
f 621 631 NaN
f 621 622 631
f 622 632 631
f 622 631 NaN
f 622 623 632
f 622 632 NaN
f 623 632 NaN
f 623 624 632
f 624 524 632
f 624 632 NaN
f 624 503 524
f 624 524 NaN
f 503 612 524
f 612 525 524
f 612 524 NaN
f 525 625 633
f 525 633 NaN
f 625 552 633
f 625 633 NaN
f 625 613 552
f 625 552 NaN
f 613 553 552
f 613 552 NaN
f 613 614 553
f 613 553 NaN
f 614 275 553
f 614 553 NaN
f 614 275 NaN
f 614 296 275
f 614 626 296
f 614 296 NaN
f 626 295 296
f 626 296 NaN
f 626 295 NaN
f 626 627 295
f 627 294 295
f 627 295 NaN
f 627 272 294
f 627 294 NaN
f 272 293 294
f 272 294 NaN
f 272 634 293
f 272 615 634
f 272 634 NaN
f 615 536 634
f 615 634 NaN
f 615 537 536
f 615 536 NaN
f 519 635 546
f 519 628 635
f 519 635 NaN
f 628 635 NaN
f 628 636 635
f 628 629 636
f 628 636 NaN
f 629 636 NaN
f 629 630 637
f 629 637 NaN
f 630 638 637
f 630 637 NaN
f 630 631 638
f 630 638 NaN
f 631 639 638
f 631 638 NaN
f 631 639 NaN
f 631 632 639
f 632 640 639
f 632 639 NaN
f 632 640 NaN
f 524 641 632
f 524 632 NaN
f 524 641 NaN
f 524 633 641
f 524 525 633
f 524 633 NaN
f 633 552 642
f 633 642 NaN
f 552 642 NaN
f 553 552 NaN
f 553 275 564
f 275 568 564
f 275 564 NaN
f 275 296 568
f 275 568 NaN
f 296 565 568
f 296 568 NaN
f 296 295 565
f 296 565 NaN
f 295 569 565
f 295 565 NaN
f 295 569 NaN
f 295 294 569
f 294 570 569
f 294 569 NaN
f 294 293 570
f 294 570 NaN
f 293 559 570
f 293 570 NaN
f 293 634 559
f 293 559 NaN
f 634 560 559
f 634 559 NaN
f 634 536 560
f 634 560 NaN
f 635 643 546
f 635 546 NaN
f 635 643 NaN
f 635 644 643
f 635 636 644
f 635 644 NaN
f 636 645 644
f 636 644 NaN
f 636 629 645
f 636 645 NaN
f 629 645 NaN
f 629 637 645
f 637 645 NaN
f 638 637 NaN
f 639 638 NaN
f 640 639 NaN
f 632 646 640
f 632 641 646
f 632 646 NaN
f 641 647 646
f 641 646 NaN
f 641 633 647
f 641 647 NaN
f 633 648 647
f 633 647 NaN
f 633 648 NaN
f 633 642 648
f 552 564 642
f 564 649 642
f 564 642 NaN
f 564 568 649
f 564 649 NaN
f 568 650 649
f 568 649 NaN
f 568 565 650
f 568 650 NaN
f 565 650 NaN
f 560 651 570
f 560 651 NaN
f 560 652 651
f 560 546 652
f 560 652 NaN
f 546 653 652
f 546 652 NaN
f 546 643 653
f 546 653 NaN
f 643 653 NaN
f 644 654 643
f 644 643 NaN
f 644 645 654
f 644 654 NaN
f 645 655 654
f 645 654 NaN
f 645 655 NaN
f 645 656 655
f 645 637 656
f 645 656 NaN
f 637 657 656
f 637 656 NaN
f 637 638 657
f 637 657 NaN
f 638 657 NaN
f 638 639 657
f 639 658 657
f 639 657 NaN
f 639 658 NaN
f 639 640 658
f 640 659 658
f 640 658 NaN
f 640 646 659
f 640 659 NaN
f 646 659 NaN
f 646 647 659
f 647 660 659
f 647 659 NaN
f 647 648 660
f 647 660 NaN
f 648 660 NaN
f 642 648 NaN
f 642 661 NaN
f 642 662 661
f 642 649 662
f 642 662 NaN
f 649 663 662
f 649 662 NaN
f 649 650 663
f 649 663 NaN
f 650 663 NaN
f 565 569 650
f 569 664 650
f 569 650 NaN
f 569 664 NaN
f 569 570 664
f 570 665 664
f 570 664 NaN
f 570 665 NaN
f 570 651 665
f 651 665 NaN
f 652 651 NaN
f 653 666 652
f 653 652 NaN
f 653 643 666
f 653 666 NaN
f 643 667 666
f 643 666 NaN
f 643 654 667
f 643 667 NaN
f 654 667 NaN
f 654 655 667
f 655 667 NaN
f 656 655 NaN
f 656 657 655
f 657 668 655
f 657 655 NaN
f 657 668 NaN
f 657 658 668
f 658 669 668
f 658 668 NaN
f 658 669 NaN
f 658 659 669
f 659 670 669
f 659 669 NaN
f 659 670 NaN
f 659 671 670
f 659 660 671
f 659 671 NaN
f 660 671 NaN
f 660 648 671
f 648 661 671
f 648 671 NaN
f 648 642 661
f 648 661 NaN
f 661 662 672
f 661 672 NaN
f 662 673 672
f 662 672 NaN
f 662 663 673
f 662 673 NaN
f 663 673 NaN
f 663 650 673
f 650 674 673
f 650 673 NaN
f 650 674 NaN
f 650 675 674
f 650 664 675
f 650 675 NaN
f 664 675 NaN
f 664 665 675
f 665 676 675
f 665 675 NaN
f 665 676 NaN
f 665 651 676
f 651 676 NaN
f 651 652 676
f 652 666 676
f 652 676 NaN
f 652 666 NaN
f 667 666 NaN
f 667 655 677
f 667 677 NaN
f 655 678 677
f 655 677 NaN
f 655 678 NaN
f 655 679 678
f 655 668 679
f 655 679 NaN
f 668 679 NaN
f 668 669 679
f 669 680 679
f 669 679 NaN
f 669 680 NaN
f 669 670 680
f 670 680 NaN
f 670 671 680
f 671 681 680
f 671 680 NaN
f 671 681 NaN
f 671 661 681
f 661 682 681
f 661 681 NaN
f 661 682 NaN
f 661 672 682
f 672 673 682
f 672 682 NaN
f 673 683 682
f 673 682 NaN
f 673 683 NaN
f 673 674 683
f 674 683 NaN
f 674 675 683
f 675 683 NaN
f 676 675 NaN
f 676 666 684
f 676 684 NaN
f 666 684 NaN
f 666 685 684
f 666 667 685
f 666 685 NaN
f 667 677 685
f 667 685 NaN
f 678 686 677
f 678 677 NaN
f 678 679 686
f 678 686 NaN
f 679 686 NaN
f 680 679 NaN
f 681 682 680
f 681 680 NaN
f 681 682 NaN
f 682 683 NaN
f 683 687 NaN
f 683 675 687
f 675 687 NaN
f 675 688 687
f 675 676 688
f 675 688 NaN
f 676 684 688
f 676 688 NaN
f 685 684 NaN
f 685 677 684
f 677 684 NaN
f 677 686 684
f 677 686 NaN
f 679 689 686
f 679 680 689
f 679 689 NaN
f 680 690 689
f 680 689 NaN
f 680 690 NaN
f 680 691 690
f 680 682 691
f 680 691 NaN
f 682 691 NaN
f 688 687 NaN
f 688 684 687
f 684 687 NaN
f 686 684 NaN
f 686 689 NaN
f 689 690 NaN
f 691 690 NaN
f 682 687 691
f 682 683 687
f 682 687 NaN
f 684 686 687
f 686 689 687
f 686 687 NaN
f 689 687 NaN
f 689 690 687
f 690 687 NaN
f 690 691 687
f 691 687 NaN
f 692 522 NaN
f 692 521 522
f 692 521 NaN
f 692 693 521
f 692 693 NaN
f 692 623 NaN
f 692 523 623
f 692 522 523
f 692 523 NaN
f 693 521 NaN
f 693 620 NaN
f 693 692 620
f 692 620 NaN
f 692 621 620
f 692 621 NaN
f 692 623 621
f 623 523 632
f 523 694 632
f 523 632 NaN
f 523 694 NaN
f 523 522 694
f 522 694 NaN
f 522 550 694
f 522 521 550
f 521 549 550
f 521 550 NaN
f 521 695 549
f 521 695 NaN
f 521 696 695
f 521 696 NaN
f 521 693 696
f 693 629 696
f 693 696 NaN
f 693 629 NaN
f 693 697 629
f 693 620 697
f 693 697 NaN
f 620 630 697
f 620 697 NaN
f 621 698 631
f 621 623 698
f 621 698 NaN
f 623 698 NaN
f 623 632 698
f 632 694 699
f 632 699 NaN
f 694 699 NaN
f 694 550 551
f 694 551 NaN
f 550 551 NaN
f 549 550 NaN
f 695 548 549
f 695 549 NaN
f 695 696 548
f 695 548 NaN
f 696 548 NaN
f 629 696 NaN
f 697 629 NaN
f 630 697 NaN
f 630 700 697
f 630 700 NaN
f 630 631 700
f 631 701 700
f 631 700 NaN
f 631 701 NaN
f 631 702 701
f 631 698 702
f 631 702 NaN
f 698 702 NaN
f 632 698 NaN
f 694 641 699
f 694 641 NaN
f 694 633 641
f 694 551 633
f 694 633 NaN
f 551 633 NaN
f 550 549 562
f 549 561 562
f 549 562 NaN
f 548 549 NaN
f 629 703 696
f 629 703 NaN
f 700 697 NaN
f 701 700 NaN
f 702 701 NaN
f 698 632 704
f 698 704 NaN
f 632 699 704
f 632 704 NaN
f 699 641 705
f 699 705 NaN
f 641 647 705
f 641 705 NaN
f 633 551 648
f 551 706 648
f 551 648 NaN
f 551 706 NaN
f 551 707 706
f 551 562 707
f 551 707 NaN
f 562 708 707
f 562 707 NaN
f 562 708 NaN
f 562 561 708
f 561 709 708
f 561 708 NaN
f 561 549 709
f 561 709 NaN
f 549 653 709
f 549 709 NaN
f 549 548 653
f 549 653 NaN
f 548 654 653
f 548 653 NaN
f 548 654 NaN
f 548 696 654
f 696 710 654
f 696 654 NaN
f 696 703 710
f 696 710 NaN
f 703 711 710
f 703 710 NaN
f 703 629 711
f 703 711 NaN
f 629 711 NaN
f 629 697 711
f 697 712 711
f 697 711 NaN
f 697 712 NaN
f 697 713 712
f 697 700 713
f 697 713 NaN
f 700 713 NaN
f 700 714 713
f 700 701 714
f 700 714 NaN
f 701 715 714
f 701 714 NaN
f 701 715 NaN
f 701 716 715
f 701 702 716
f 701 716 NaN
f 702 717 716
f 702 716 NaN
f 702 698 717
f 702 717 NaN
f 698 717 NaN
f 698 704 717
f 704 718 717
f 704 717 NaN
f 704 699 718
f 704 718 NaN
f 699 705 718
f 699 718 NaN
f 647 705 NaN
f 648 647 NaN
f 706 648 NaN
f 706 707 648
f 707 648 NaN
f 708 707 NaN
f 709 708 NaN
f 653 709 NaN
f 654 653 NaN
f 654 710 644
f 710 644 NaN
f 711 710 NaN
f 711 712 719
f 711 719 NaN
f 712 719 NaN
f 712 713 719
f 713 719 NaN
f 714 720 713
f 714 713 NaN
f 714 715 720
f 714 720 NaN
f 715 720 NaN
f 716 715 NaN
f 716 717 715
f 717 715 NaN
f 717 718 721
f 717 721 NaN
f 718 721 NaN
f 705 718 NaN
f 705 647 722
f 705 722 NaN
f 647 723 722
f 647 722 NaN
f 647 648 723
f 647 723 NaN
f 648 660 723
f 648 723 NaN
f 648 661 660
f 648 707 661
f 707 672 661
f 707 661 NaN
f 707 708 672
f 707 672 NaN
f 708 724 672
f 708 672 NaN
f 708 724 NaN
f 708 725 724
f 708 709 725
f 708 725 NaN
f 709 726 725
f 709 725 NaN
f 709 653 726
f 709 726 NaN
f 653 667 726
f 653 726 NaN
f 653 654 667
f 653 667 NaN
f 654 644 667
f 644 727 667
f 644 667 NaN
f 644 710 727
f 644 727 NaN
f 710 728 727
f 710 727 NaN
f 710 711 728
f 710 728 NaN
f 711 729 728
f 711 728 NaN
f 711 719 729
f 711 729 NaN
f 719 730 729
f 719 729 NaN
f 719 730 NaN
f 719 713 730
f 713 731 730
f 713 730 NaN
f 713 731 NaN
f 713 732 731
f 713 720 732
f 713 732 NaN
f 720 733 732
f 720 732 NaN
f 720 715 733
f 720 733 NaN
f 715 734 733
f 715 733 NaN
f 715 734 NaN
f 715 717 734
f 717 735 734
f 717 734 NaN
f 717 721 735
f 717 735 NaN
f 721 736 735
f 721 735 NaN
f 721 718 736
f 721 736 NaN
f 718 737 736
f 718 736 NaN
f 718 737 NaN
f 718 705 737
f 705 722 737
f 705 737 NaN
f 723 722 NaN
f 660 723 NaN
f 661 660 NaN
f 724 672 NaN
f 725 724 NaN
f 726 725 NaN
f 667 726 NaN
f 727 667 NaN
f 728 727 NaN
f 729 728 NaN
f 730 729 NaN
f 731 730 NaN
f 732 731 NaN
f 733 732 NaN
f 734 733 NaN
f 735 734 NaN
f 736 735 NaN
f 737 736 NaN
f 722 737 NaN
f 722 723 738
f 722 738 NaN
f 723 739 738
f 723 738 NaN
f 723 660 739
f 723 739 NaN
f 660 740 739
f 660 739 NaN
f 660 661 740
f 660 740 NaN
f 661 741 740
f 661 740 NaN
f 661 672 741
f 661 741 NaN
f 672 682 741
f 672 741 NaN
f 672 724 682
f 724 691 682
f 724 682 NaN
f 724 725 691
f 724 691 NaN
f 725 687 691
f 725 691 NaN
f 725 726 687
f 725 687 NaN
f 726 686 687
f 726 687 NaN
f 726 667 686
f 726 686 NaN
f 667 677 686
f 667 686 NaN
f 667 727 677
f 727 742 677
f 727 677 NaN
f 727 728 742
f 727 742 NaN
f 728 743 742
f 728 742 NaN
f 728 729 743
f 728 743 NaN
f 729 744 743
f 729 743 NaN
f 729 730 744
f 729 744 NaN
f 730 745 744
f 730 744 NaN
f 730 745 NaN
f 730 731 745
f 731 746 745
f 731 745 NaN
f 731 732 746
f 731 746 NaN
f 732 747 746
f 732 746 NaN
f 732 733 747
f 732 747 NaN
f 733 748 747
f 733 747 NaN
f 733 734 748
f 733 748 NaN
f 734 749 748
f 734 748 NaN
f 734 749 NaN
f 734 735 749
f 735 750 749
f 735 749 NaN
f 735 736 750
f 735 750 NaN
f 736 751 750
f 736 750 NaN
f 736 737 751
f 736 751 NaN
f 737 752 751
f 737 751 NaN
f 737 752 NaN
f 737 722 752
f 722 738 752
f 722 752 NaN
f 738 739 753
f 738 753 NaN
f 739 753 NaN
f 740 739 NaN
f 741 740 NaN
f 741 682 740
f 682 740 NaN
f 687 686 691
f 686 691 NaN
f 677 742 678
f 742 678 NaN
f 743 742 NaN
f 744 743 NaN
f 745 744 NaN
f 746 745 NaN
f 747 746 NaN
f 747 748 746
f 748 746 NaN
f 749 748 NaN
f 750 754 749
f 750 749 NaN
f 750 751 754
f 750 754 NaN
f 751 754 NaN
f 752 751 NaN
f 738 753 752
f 738 752 NaN
f 753 739 755
f 753 755 NaN
f 739 756 755
f 739 755 NaN
f 739 740 756
f 739 756 NaN
f 740 757 756
f 740 756 NaN
f 740 757 NaN
f 740 758 757
f 740 682 758
f 740 758 NaN
f 682 759 758
f 682 758 NaN
f 682 691 759
f 682 759 NaN
f 691 690 759
f 691 759 NaN
f 691 686 690
f 686 689 690
f 686 690 NaN
f 686 677 689
f 677 760 689
f 677 689 NaN
f 677 678 760
f 677 760 NaN
f 678 761 760
f 678 760 NaN
f 678 742 761
f 678 761 NaN
f 742 761 NaN
f 742 743 761
f 743 762 761
f 743 761 NaN
f 743 744 762
f 743 762 NaN
f 744 763 762
f 744 762 NaN
f 744 745 763
f 744 763 NaN
f 745 763 NaN
f 745 764 763
f 745 746 764
f 745 764 NaN
f 746 765 764
f 746 764 NaN
f 746 765 NaN
f 746 748 765
f 748 766 765
f 748 765 NaN
f 748 749 766
f 748 766 NaN
f 749 767 766
f 749 766 NaN
f 749 767 NaN
f 749 768 767
f 749 754 768
f 749 768 NaN
f 754 769 768
f 754 768 NaN
f 754 751 769
f 754 769 NaN
f 751 769 NaN
f 751 752 769
f 752 770 769
f 752 769 NaN
f 752 770 NaN
f 752 755 770
f 752 753 755
f 752 755 NaN
f 756 755 NaN
f 757 756 NaN
f 758 757 NaN
f 759 758 NaN
f 759 690 758
f 690 758 NaN
f 760 771 689
f 760 689 NaN
f 760 761 771
f 760 771 NaN
f 761 771 NaN
f 762 772 761
f 762 761 NaN
f 762 763 772
f 762 772 NaN
f 763 772 NaN
f 763 764 773
f 763 773 NaN
f 764 773 NaN
f 765 764 NaN
f 765 766 764
f 765 766 NaN
f 767 768 766
f 767 766 NaN
f 767 768 NaN
f 769 768 NaN
f 769 770 774
f 769 774 NaN
f 770 774 NaN
f 755 770 NaN
f 756 775 755
f 756 757 775
f 756 775 NaN
f 757 775 NaN
f 757 758 775
f 758 775 NaN
f 690 776 758
f 690 776 NaN
f 690 689 776
f 689 771 776
f 689 776 NaN
f 689 771 NaN
f 761 772 NaN
f 763 773 772
f 766 764 NaN
f 768 766 NaN
f 770 755 774
f 755 777 774
f 755 774 NaN
f 755 777 NaN
f 755 775 778
f 755 778 NaN
f 775 779 778
f 775 778 NaN
f 775 779 NaN
f 775 758 779
f 758 779 NaN
f 758 780 779
f 758 776 780
f 758 780 NaN
f 776 780 NaN
f 776 771 780
f 771 781 780
f 771 780 NaN
f 771 781 NaN
f 771 761 781
f 761 782 781
f 761 781 NaN
f 761 772 782
f 761 782 NaN
f 772 783 782
f 772 782 NaN
f 772 783 NaN
f 772 773 783
f 773 784 783
f 773 783 NaN
f 773 784 NaN
f 773 764 784
f 764 785 784
f 764 784 NaN
f 764 785 NaN
f 764 786 785
f 764 766 786
f 764 786 NaN
f 766 786 NaN
f 766 768 786
f 768 787 786
f 768 786 NaN
f 768 787 NaN
f 768 769 787
f 769 787 NaN
f 769 774 787
f 774 788 787
f 774 787 NaN
f 774 788 NaN
f 774 777 788
f 777 778 788
f 777 788 NaN
f 777 755 778
f 777 778 NaN
f 779 778 NaN
f 779 780 789
f 779 789 NaN
f 780 789 NaN
f 780 781 789
f 781 782 789
f 781 789 NaN
f 781 782 NaN
f 783 782 NaN
f 783 784 782
f 784 790 782
f 784 782 NaN
f 784 790 NaN
f 784 785 790
f 785 790 NaN
f 785 786 790
f 786 790 NaN
f 787 786 NaN
f 788 787 NaN
f 788 778 787
f 788 778 NaN
f 778 779 791
f 778 791 NaN
f 779 791 NaN
f 779 789 791
f 782 789 NaN
f 782 790 NaN
f 786 791 790
f 786 787 791
f 786 791 NaN
f 787 791 NaN
f 787 778 791
f 789 791 NaN
f 789 782 791
f 782 791 NaN
f 782 790 791
f 790 791 NaN
f 792 793 NaN
f 792 793 770
f 792 770 NaN
f 792 770 774
f 792 774 NaN
f 792 774 777
f 792 777 NaN
f 792 777 794
f 792 794 NaN
f 792 794 795
f 792 795 NaN
f 792 795 764
f 792 764 NaN
f 792 764 765
f 792 765 NaN
f 792 765 796
f 792 796 NaN
f 792 796 797
f 792 797 NaN
f 792 797 798
f 792 798 NaN
f 792 798 767
f 792 767 NaN
f 792 767 799
f 792 799 NaN
f 792 799 793
f 793 800 NaN
f 793 800 770
f 793 770 NaN
f 770 800 NaN
f 770 800 774
f 774 800 769
f 774 769 777
f 774 777 NaN
f 777 769 NaN
f 777 769 794
f 777 794 NaN
f 794 769 768
f 794 768 NaN
f 794 768 801
f 794 801 NaN
f 794 801 795
f 794 795 NaN
f 795 801 766
f 795 766 NaN
f 795 766 764
f 795 764 NaN
f 764 765 796
f 764 796 NaN
f 765 796 NaN
f 765 796 802
f 765 802 NaN
f 796 802 NaN
f 796 802 803
f 796 803 NaN
f 796 803 797
f 796 797 NaN
f 797 803 804
f 797 804 NaN
f 797 804 798
f 797 798 NaN
f 798 804 805
f 798 805 NaN
f 798 805 767
f 798 767 NaN
f 767 805 NaN
f 767 805 799
f 767 799 NaN
f 799 805 806
f 799 806 NaN
f 799 806 807
f 799 807 NaN
f 799 807 793
f 799 793 NaN
f 793 807 808
f 793 808 NaN
f 793 808 800
f 800 809 NaN
f 800 809 810
f 800 810 NaN
f 800 810 769
f 800 769 NaN
f 769 810 NaN
f 769 810 768
f 768 810 749
f 768 749 801
f 768 801 NaN
f 801 749 NaN
f 801 749 766
f 801 766 NaN
f 766 748 811
f 766 811 NaN
f 766 811 765
f 765 811 812
f 765 812 NaN
f 765 812 796
f 796 812 NaN
f 796 812 813
f 796 813 NaN
f 796 813 802
f 802 813 NaN
f 802 813 814
f 802 814 NaN
f 802 814 803
f 802 803 NaN
f 803 814 NaN
f 803 814 804
f 803 804 NaN
f 804 814 815
f 804 815 NaN
f 804 815 816
f 804 816 NaN
f 804 816 805
f 804 805 NaN
f 805 816 817
f 805 817 NaN
f 805 817 806
f 805 806 NaN
f 806 817 818
f 806 818 NaN
f 806 818 807
f 806 807 NaN
f 807 818 NaN
f 807 818 808
f 807 808 NaN
f 808 818 NaN
f 808 818 809
f 808 809 NaN
f 808 809 800
f 808 800 NaN
f 809 818 NaN
f 809 818 810
f 809 810 NaN
f 810 818 NaN
f 810 818 819
f 810 819 NaN
f 810 819 749
f 810 749 NaN
f 749 819 NaN
f 749 819 748
f 748 819 815
f 748 815 NaN
f 748 815 811
f 748 811 NaN
f 811 815 NaN
f 811 815 812
f 811 812 NaN
f 812 815 NaN
f 812 815 813
f 812 813 NaN
f 813 815 814
f 813 814 NaN
f 813 814 820
f 813 820 NaN
f 814 820 816
f 814 816 NaN
f 814 816 815
f 814 815 NaN
f 815 816 NaN
f 816 817 NaN
f 817 818 NaN
f 818 817 821
f 818 821 NaN
f 818 821 809
f 809 821 NaN
f 818 822 819
f 818 819 NaN
f 819 822 815
f 819 815 NaN
f 815 822 814
f 814 822 820
f 814 820 NaN
f 820 822 816
f 820 816 NaN
f 816 822 817
f 817 822 821
f 817 821 NaN
f 821 822 818
f 715 823 720
f 715 823 NaN
f 715 824 823
f 715 824 NaN
f 715 720 716
f 720 823 NaN
f 824 823 NaN
f 716 720 714
f 716 714 NaN
f 824 825 823
f 824 825 NaN
f 824 826 825
f 824 826 NaN
f 715 827 NaN
f 715 717 827
f 716 717 NaN
f 823 825 NaN
f 826 825 NaN
f 824 828 826
f 824 828 NaN
f 824 715 828
f 715 827 828
f 715 828 NaN
f 717 827 NaN
f 716 829 717
f 716 829 NaN
f 716 714 829
f 714 830 829
f 714 829 NaN
f 714 830 NaN
f 720 823 831
f 720 831 NaN
f 823 831 NaN
f 823 825 832
f 823 832 NaN
f 825 833 832
f 825 832 NaN
f 825 833 NaN
f 825 826 833
f 826 834 833
f 826 833 NaN
f 826 834 NaN
f 826 835 834
f 826 828 835
f 826 835 NaN
f 828 836 835
f 828 835 NaN
f 828 836 NaN
f 827 828 NaN
f 827 735 NaN
f 827 717 735
f 829 717 NaN
f 830 829 NaN
f 720 732 714
f 720 831 732
f 831 732 NaN
f 831 823 732
f 823 837 732
f 823 732 NaN
f 823 832 837
f 823 837 NaN
f 832 837 NaN
f 833 832 NaN
f 833 834 838
f 833 838 NaN
f 834 839 838
f 834 838 NaN
f 834 839 NaN
f 835 834 NaN
f 836 835 NaN
f 828 827 836
f 827 735 836
f 827 836 NaN
f 717 840 735
f 717 840 NaN
f 717 841 840
f 717 829 841
f 717 841 NaN
f 829 841 NaN
f 714 842 830
f 714 842 NaN
f 714 731 842
f 714 732 731
f 714 731 NaN
f 837 732 NaN
f 832 843 837
f 832 833 843
f 832 843 NaN
f 833 843 NaN
f 839 838 NaN
f 735 836 NaN
f 840 735 NaN
f 841 840 NaN
f 829 844 841
f 829 844 NaN
f 829 830 844
f 830 842 844
f 830 844 NaN
f 830 842 NaN
f 731 842 NaN
f 843 837 NaN
f 834 835 839
f 835 839 NaN
f 844 841 NaN
f 842 844 NaN
f 841 844 840
f 844 840 NaN
f 842 731 845
f 842 845 NaN
f 731 845 NaN
f 731 732 845
f 732 845 NaN
f 732 733 845
f 837 832 732
f 838 839 833
f 839 834 833
f 839 833 NaN
f 840 844 846
f 840 846 NaN
f 844 846 NaN
f 842 845 844
f 733 845 NaN
f 732 832 733
f 832 733 NaN
f 834 833 NaN
f 835 847 834
f 835 836 847
f 835 847 NaN
f 836 847 NaN
f 735 840 734
f 840 734 NaN
f 840 846 734
f 846 734 NaN
f 844 845 846
f 845 846 NaN
f 833 811 832
f 833 811 NaN
f 833 848 811
f 833 834 848
f 833 848 NaN
f 834 849 848
f 834 848 NaN
f 834 849 NaN
f 834 850 849
f 834 847 850
f 834 850 NaN
f 847 850 NaN
f 836 735 847
f 735 734 847
f 735 847 NaN
f 832 811 733
f 832 811 NaN
f 848 850 811
f 848 811 NaN
f 848 849 850
f 848 850 NaN
f 849 850 NaN
f 847 734 850
f 847 734 NaN
f 846 845 734
f 845 734 NaN
f 845 733 734
f 733 811 748
f 811 850 NaN
f 850 734 749
f 850 749 NaN
f 734 733 749
f 733 749 NaN
f 733 748 749
f 748 811 749
f 811 850 749
f 811 749 NaN
f 805 851 806
f 805 798 852
f 805 852 NaN
f 805 852 804
f 805 804 803
f 805 803 NaN
f 805 803 853
f 805 853 NaN
f 805 853 854
f 805 854 NaN
f 805 854 855
f 805 855 NaN
f 805 855 856
f 805 856 NaN
f 805 856 851
f 805 851 NaN
f 851 818 806
f 851 806 NaN
f 806 818 805
f 805 818 849
f 805 849 NaN
f 805 849 798
f 798 849 NaN
f 798 849 852
f 798 852 NaN
f 852 849 848
f 852 848 NaN
f 852 848 804
f 852 804 NaN
f 804 848 NaN
f 804 848 815
f 804 815 803
f 803 815 NaN
f 803 815 814
f 803 814 853
f 803 853 NaN
f 853 814 NaN
f 853 814 820
f 853 820 NaN
f 853 820 816
f 853 816 NaN
f 853 816 854
f 853 854 NaN
f 854 816 NaN
f 854 816 855
f 854 855 NaN
f 855 816 817
f 855 817 NaN
f 855 817 856
f 855 856 NaN
f 856 817 821
f 856 821 NaN
f 856 821 851
f 856 851 NaN
f 851 821 NaN
f 851 821 818
f 851 818 NaN
f 818 822 NaN
f 818 822 839
f 818 839 NaN
f 818 839 849
f 818 849 NaN
f 849 839 NaN
f 849 839 848
f 849 848 NaN
f 848 839 838
f 848 838 NaN
f 848 838 815
f 848 815 NaN
f 815 838 NaN
f 815 838 857
f 815 857 NaN
f 815 857 814
f 814 857 NaN
f 814 857 820
f 820 857 NaN
f 820 857 816
f 816 857 NaN
f 816 857 817
f 817 857 822
f 817 822 NaN
f 821 822 NaN
f 822 858 839
f 822 839 NaN
f 839 858 838
f 838 858 857
f 838 857 NaN
f 857 858 822
f 857 822 NaN
f 859 860 NaN
f 859 861 NaN
f 859 125 NaN
f 859 172 860
f 859 172 NaN
f 859 861 172
f 861 172 NaN
f 859 149 861
f 859 149 NaN
f 859 862 149
f 859 125 862
f 859 862 NaN
f 125 862 NaN
f 859 863 125
f 859 863 NaN
f 860 196 NaN
f 860 195 196
f 860 195 NaN
f 860 172 195
f 172 864 195
f 172 864 NaN
f 861 149 NaN
f 862 149 NaN
f 862 125 865
f 862 865 NaN
f 125 866 865
f 125 865 NaN
f 125 866 NaN
f 863 125 NaN
f 860 196 859
f 196 195 NaN
f 195 864 867
f 195 867 NaN
f 864 867 NaN
f 864 172 867
f 172 867 NaN
f 172 861 864
f 861 864 NaN
f 862 865 149
f 866 865 NaN
f 125 863 866
f 863 866 NaN
f 859 868 NaN
f 859 869 868
f 859 196 869
f 859 869 NaN
f 196 869 NaN
f 195 867 219
f 867 870 219
f 867 219 NaN
f 867 870 NaN
f 861 871 864
f 861 871 NaN
f 149 865 872
f 149 872 NaN
f 865 872 NaN
f 865 873 NaN
f 865 866 873
f 866 126 873
f 866 873 NaN
f 866 126 NaN
f 863 874 866
f 863 874 NaN
f 863 875 874
f 863 859 875
f 863 875 NaN
f 859 868 875
f 859 875 NaN
f 868 869 NaN
f 196 876 869
f 196 195 876
f 196 876 NaN
f 195 219 876
f 195 876 NaN
f 219 870 877
f 219 877 NaN
f 870 877 NaN
f 867 864 870
f 864 870 NaN
f 871 864 NaN
f 861 149 871
f 149 871 NaN
f 865 878 872
f 865 873 878
f 865 878 NaN
f 873 878 NaN
f 126 873 NaN
f 866 150 126
f 866 874 150
f 866 150 NaN
f 874 879 150
f 874 150 NaN
f 874 875 879
f 874 879 NaN
f 875 879 NaN
f 868 869 875
f 868 875 NaN
f 869 880 NaN
f 876 881 869
f 876 869 NaN
f 876 219 881
f 876 881 NaN
f 219 881 NaN
f 870 882 877
f 870 882 NaN
f 864 883 870
f 864 871 883
f 864 883 NaN
f 871 883 NaN
f 871 149 173
f 871 173 NaN
f 149 872 173
f 872 173 NaN
f 878 872 NaN
f 873 884 878
f 873 126 884
f 873 884 NaN
f 126 127 884
f 126 884 NaN
f 126 127 NaN
f 879 150 NaN
f 875 880 879
f 875 869 880
f 875 880 NaN
f 869 885 880
f 869 881 885
f 869 885 NaN
f 881 885 NaN
f 219 886 881
f 219 886 NaN
f 219 887 886
f 219 877 887
f 219 887 NaN
f 877 888 887
f 877 887 NaN
f 877 888 NaN
f 877 882 888
f 882 889 888
f 882 888 NaN
f 882 870 889
f 882 889 NaN
f 870 890 889
f 870 889 NaN
f 870 890 NaN
f 883 870 NaN
f 871 891 883
f 871 173 891
f 871 891 NaN
f 173 891 NaN
f 173 872 892
f 173 892 NaN
f 872 892 NaN
f 878 884 893
f 878 893 NaN
f 884 893 NaN
f 884 127 893
f 127 151 893
f 127 893 NaN
f 150 151 NaN
f 150 894 151
f 150 879 894
f 150 894 NaN
f 879 894 NaN
f 880 895 879
f 880 879 NaN
f 880 895 NaN
f 880 885 896
f 880 896 NaN
f 885 896 NaN
f 886 243 881
f 886 881 NaN
f 886 887 243
f 886 243 NaN
f 887 243 NaN
f 888 887 NaN
f 889 890 888
f 889 888 NaN
f 889 890 NaN
f 870 883 890
f 883 890 NaN
f 891 883 NaN
f 173 197 891
f 173 892 197
f 892 197 NaN
f 872 174 892
f 872 878 174
f 872 174 NaN
f 878 174 NaN
f 151 893 NaN
f 894 151 NaN
f 879 432 894
f 879 895 432
f 879 432 NaN
f 895 432 NaN
f 880 896 895
f 881 897 885
f 881 243 897
f 881 897 NaN
f 243 897 NaN
f 243 887 897
f 887 897 NaN
f 888 890 887
f 890 887 NaN
f 890 883 898
f 890 898 NaN
f 883 898 NaN
f 883 891 898
f 891 898 NaN
f 197 891 NaN
f 174 892 NaN
f 878 893 174
f 893 899 174
f 893 174 NaN
f 893 899 NaN
f 151 894 175
f 894 432 175
f 894 175 NaN
f 894 432 NaN
f 896 895 NaN
f 885 900 896
f 885 897 900
f 885 900 NaN
f 897 900 NaN
f 897 220 900
f 897 887 220
f 897 220 NaN
f 887 220 NaN
f 887 901 NaN
f 887 890 901
f 890 902 901
f 890 901 NaN
f 890 902 NaN
f 898 891 903
f 898 903 NaN
f 891 903 NaN
f 891 197 903
f 197 903 NaN
f 892 904 197
f 892 174 904
f 892 904 NaN
f 174 904 NaN
f 899 174 NaN
f 893 151 899
f 151 175 899
f 151 899 NaN
f 432 905 175
f 432 175 NaN
f 432 905 NaN
f 895 906 432
f 895 896 906
f 895 906 NaN
f 896 906 NaN
f 900 907 896
f 900 896 NaN
f 900 907 NaN
f 220 900 NaN
f 887 244 220
f 887 901 244
f 887 244 NaN
f 901 244 NaN
f 902 901 NaN
f 890 908 902
f 890 898 908
f 890 908 NaN
f 898 908 NaN
f 903 197 909
f 903 909 NaN
f 197 909 NaN
f 904 197 NaN
f 174 910 904
f 174 910 NaN
f 175 899 NaN
f 905 175 NaN
f 432 453 905
f 432 906 453
f 906 453 NaN
f 896 907 NaN
f 900 911 907
f 900 220 911
f 900 911 NaN
f 220 245 911
f 220 911 NaN
f 220 244 245
f 220 245 NaN
f 244 245 NaN
f 901 902 244
f 902 908 244
f 902 244 NaN
f 902 908 NaN
f 898 912 908
f 898 903 912
f 898 912 NaN
f 903 912 NaN
f 197 904 909
f 904 909 NaN
f 910 904 NaN
f 174 899 910
f 899 913 910
f 899 910 NaN
f 899 913 NaN
f 899 175 913
f 175 199 913
f 175 913 NaN
f 175 905 199
f 905 914 199
f 905 199 NaN
f 905 453 914
f 905 914 NaN
f 453 914 NaN
f 453 906 914
f 906 914 NaN
f 896 907 906
f 907 222 NaN
f 907 221 222
f 907 911 221
f 907 221 NaN
f 911 221 NaN
f 245 911 NaN
f 908 244 NaN
f 908 912 NaN
f 909 904 915
f 909 915 NaN
f 904 915 NaN
f 904 910 915
f 910 915 NaN
f 913 910 NaN
f 199 913 NaN
f 199 914 NaN
f 906 222 914
f 906 907 222
f 906 222 NaN
f 221 222 NaN
f 911 916 221
f 911 245 916
f 911 916 NaN
f 245 916 NaN
f 244 908 245
f 908 245 NaN
f 908 912 245
f 912 245 NaN
f 903 917 912
f 903 909 917
f 903 917 NaN
f 909 917 NaN
f 910 918 915
f 910 918 NaN
f 913 914 910
f 913 199 914
f 913 914 NaN
f 914 919 NaN
f 914 222 919
f 914 222 NaN
f 916 221 NaN
f 245 912 916
f 912 917 916
f 912 916 NaN
f 912 917 NaN
f 918 915 NaN
f 910 914 918
f 914 919 918
f 914 918 NaN
f 222 919 NaN
f 221 916 222
f 916 222 NaN
f 917 916 NaN
f 917 909 916
f 909 915 916
f 909 916 NaN
f 915 918 222
f 915 222 NaN
f 918 222 NaN
f 918 919 222
f 916 915 222
f 172 860 NaN
f 172 920 NaN
f 172 171 860
f 172 171 NaN
f 172 920 171
f 860 171 NaN
f 920 171 NaN
f 920 867 NaN
f 172 860 861
f 860 859 861
f 860 861 NaN
f 171 920 195
f 920 195 NaN
f 920 867 195
f 171 195 860
f 920 172 867
f 195 867 921
f 195 921 NaN
f 867 922 921
f 867 921 NaN
f 867 922 NaN
f 922 921 NaN
f 859 863 149
f 863 149 NaN
f 921 922 195
f 922 867 195
f 922 195 NaN
f 172 871 864
f 172 861 871
f 172 871 NaN
f 860 923 859
f 860 196 923
f 860 923 NaN
f 196 923 NaN
f 149 863 861
f 863 859 861
f 863 861 NaN
f 859 923 NaN
f 861 859 871
f 859 871 NaN
f 859 923 871
f 195 867 196
f 867 864 196
f 867 196 NaN
f 923 871 NaN
f 196 864 NaN
f 923 864 871
f 923 864 NaN
f 923 196 864
f 920 867 171
f 171 867 195
f 922 882 921
f 922 882 NaN
f 921 882 877
f 921 877 NaN
f 882 877 NaN
f 859 196 923
f 921 877 195
f 877 195 NaN
f 922 867 882
f 859 923 861
f 877 219 195
f 877 882 219
f 882 870 219
f 882 219 NaN
f 882 867 870
f 861 923 871
f 219 870 195
f 219 870 NaN
f 195 870 867
f 196 195 864
f 195 864 NaN
f 867 171 NaN
f 922 924 NaN
f 922 925 921
f 922 924 925
f 922 925 NaN
f 924 925 NaN
f 925 921 NaN
f 924 926 925
f 924 926 NaN
f 925 927 921
f 925 926 927
f 925 927 NaN
f 926 927 NaN
f 924 922 926
f 922 926 NaN
f 921 927 877
f 927 877 NaN
f 922 882 926
f 882 926 NaN
f 927 926 877
f 926 877 NaN
f 860 196 172
f 172 196 864
f 877 926 882
f 867 882 NaN
f 928 929 NaN
f 928 930 929
f 928 930 NaN
f 928 931 NaN
f 928 929 931
f 929 930 NaN
f 929 932 930
f 929 932 NaN
f 929 931 932
f 929 931 NaN
f 929 933 931
f 929 933 NaN
f 929 934 933
f 929 934 NaN
f 929 930 934
f 930 935 934
f 930 934 NaN
f 930 935 NaN
f 930 932 NaN
f 931 932 NaN
f 931 933 936
f 931 936 NaN
f 933 936 NaN
f 934 937 933
f 934 933 NaN
f 934 937 NaN
f 934 935 NaN
f 933 937 NaN
f 935 938 NaN
f 935 930 938
f 930 938 NaN
f 930 939 938
f 930 939 NaN
f 930 932 939
f 932 19 939
f 932 939 NaN
f 932 19 NaN
f 931 18 NaN
f 931 936 18
f 936 17 18
f 936 18 NaN
f 936 17 NaN
f 936 933 17
f 933 31 17
f 933 17 NaN
f 933 31 NaN
f 933 937 31
f 937 940 31
f 937 31 NaN
f 937 940 NaN
f 937 934 940
f 934 941 940
f 934 940 NaN
f 934 941 NaN
f 934 935 941
f 935 938 941
f 935 941 NaN
f 938 939 942
f 938 942 NaN
f 939 942 NaN
f 19 20 939
f 19 939 NaN
f 19 20 NaN
f 932 931 19
f 931 18 19
f 931 19 NaN
f 17 18 NaN
f 31 16 NaN
f 940 943 31
f 940 31 NaN
f 940 943 NaN
f 941 940 NaN
f 938 941 NaN
f 20 939 NaN
f 19 18 NaN
f 7 18 944
f 7 944 NaN
f 18 945 944
f 18 944 NaN
f 18 17 945
f 18 945 NaN
f 17 945 NaN
f 943 31 NaN
f 941 53 940
f 941 53 NaN
f 941 946 53
f 941 946 NaN
f 941 54 946
f 941 938 54
f 941 54 NaN
f 938 55 54
f 938 54 NaN
f 938 55 NaN
f 938 942 55
f 942 947 55
f 942 55 NaN
f 942 939 947
f 942 947 NaN
f 939 35 947
f 939 947 NaN
f 939 35 NaN
f 939 20 35
f 20 19 36
f 19 948 36
f 19 36 NaN
f 19 948 NaN
f 19 18 948
f 18 944 948
f 18 948 NaN
f 945 944 NaN
f 17 949 945
f 17 949 NaN
f 17 16 949
f 16 950 949
f 16 949 NaN
f 16 31 950
f 16 950 NaN
f 31 52 950
f 31 950 NaN
f 31 943 52
f 943 76 52
f 943 52 NaN
f 943 940 76
f 943 76 NaN
f 940 53 76
f 940 76 NaN
f 940 53 NaN
f 946 53 NaN
f 54 946 NaN
f 55 54 NaN
f 947 55 NaN
f 35 947 NaN
f 948 36 NaN
f 944 948 NaN
f 944 945 951
f 944 951 NaN
f 945 951 NaN
f 949 945 NaN
f 949 950 NaN
f 52 950 NaN
f 76 52 NaN
f 946 952 53
f 946 54 952
f 946 952 NaN
f 54 77 952
f 54 952 NaN
f 55 947 78
f 947 78 NaN
f 947 35 78
f 35 953 78
f 35 953 NaN
f 35 36 953
f 36 954 953
f 36 953 NaN
f 36 948 954
f 36 954 NaN
f 948 954 NaN
f 948 944 954
f 944 951 954
f 944 954 NaN
f 945 955 951
f 945 949 955
f 945 955 NaN
f 949 955 NaN
f 949 950 955
f 950 956 955
f 950 955 NaN
f 950 956 NaN
f 950 52 956
f 52 957 956
f 52 956 NaN
f 52 957 NaN
f 52 76 957
f 76 958 957
f 76 957 NaN
f 76 958 NaN
f 76 53 958
f 53 959 958
f 53 958 NaN
f 53 959 NaN
f 53 952 959
f 952 77 959
f 952 959 NaN
f 952 77 NaN
f 78 77 NaN
f 953 960 78
f 953 78 NaN
f 953 960 NaN
f 953 954 960
f 954 960 NaN
f 951 961 954
f 951 954 NaN
f 951 961 NaN
f 951 955 961
f 955 961 NaN
f 956 955 NaN
f 957 956 NaN
f 958 957 NaN
f 959 958 NaN
f 77 959 NaN
f 78 962 77
f 78 962 NaN
f 78 963 962
f 78 963 NaN
f 78 960 963
f 960 964 963
f 960 963 NaN
f 960 953 964
f 960 964 NaN
f 953 964 NaN
f 960 954 964
f 954 377 964
f 954 964 NaN
f 954 377 NaN
f 954 965 377
f 954 961 965
f 954 965 NaN
f 961 965 NaN
f 961 955 965
f 955 966 965
f 955 965 NaN
f 955 966 NaN
f 955 956 966
f 956 966 NaN
f 956 967 966
f 956 957 967
f 956 967 NaN
f 957 968 967
f 957 967 NaN
f 957 968 NaN
f 957 958 968
f 958 969 968
f 958 968 NaN
f 958 969 NaN
f 958 970 969
f 958 959 970
f 958 970 NaN
f 959 970 NaN
f 959 77 970
f 77 962 970
f 77 970 NaN
f 77 962 NaN
f 963 962 NaN
f 964 963 NaN
f 377 964 NaN
f 965 377 NaN
f 966 965 NaN
f 967 966 NaN
f 968 967 NaN
f 969 968 NaN
f 969 970 968
f 970 968 NaN
f 962 970 NaN
f 963 964 962
f 967 971 966
f 967 968 971
f 967 971 NaN
f 968 971 NaN
f 968 970 971
f 970 971 NaN
f 964 972 962
f 964 962 NaN
f 964 972 NaN
f 964 973 972
f 964 973 NaN
f 964 377 973
f 377 972 973
f 377 973 NaN
f 377 965 972
f 377 972 NaN
f 965 972 NaN
f 965 966 974
f 965 974 NaN
f 966 974 NaN
f 966 971 974
f 966 971 NaN
f 970 975 971
f 970 975 NaN
f 970 962 975
f 962 975 NaN
f 962 973 975
f 962 973 NaN
f 962 972 973
f 972 973 NaN
f 972 965 973
f 965 973 NaN
f 965 976 973
f 965 976 NaN
f 965 974 976
f 974 975 NaN
f 974 971 975
f 971 975 NaN
f 973 975 NaN
f 976 973 NaN
f 976 974 973
f 974 975 973
f 974 973 NaN
f 977 978 NaN
f 977 979 NaN
f 977 980 979
f 977 978 980
f 977 980 NaN
f 978 980 NaN
f 977 981 980
f 977 981 NaN
f 977 982 981
f 977 982 NaN
f 977 979 982
f 980 979 NaN
f 980 981 NaN
f 982 981 NaN
f 979 982 NaN
f 979 980 983
f 979 983 NaN
f 980 984 983
f 980 983 NaN
f 980 984 NaN
f 983 984 985
f 983 985 NaN
f 984 986 985
f 984 985 NaN
f 984 980 986
f 984 986 NaN
f 980 986 NaN
f 980 928 986
f 980 928 NaN
f 980 981 928
f 981 987 928
f 981 928 NaN
f 981 987 NaN
f 981 982 987
f 982 988 987
f 982 987 NaN
f 982 988 NaN
f 982 979 988
f 979 989 988
f 979 988 NaN
f 979 989 NaN
f 979 985 989
f 979 983 985
f 979 985 NaN
f 985 986 NaN
f 928 986 NaN
f 987 928 NaN
f 988 987 NaN
f 989 988 NaN
f 985 989 NaN
f 986 931 NaN
f 986 928 931
f 928 987 929
f 987 934 929
f 987 929 NaN
f 987 934 NaN
f 987 988 934
f 988 935 934
f 988 934 NaN
f 988 935 NaN
f 988 989 935
f 989 930 935
f 989 935 NaN
f 989 930 NaN
f 989 985 930
f 985 932 930
f 985 930 NaN
f 985 932 NaN
f 985 986 932
f 986 931 932
f 986 932 NaN
f 930 34 938
f 930 34 NaN
f 930 932 34
f 932 34 NaN
f 932 19 34
f 18 931 33
f 931 33 NaN
f 931 929 33
f 929 33 NaN
f 929 934 33
f 934 33 NaN
f 934 941 33
f 938 34 NaN
f 941 33 NaN
f 938 34 941
f 33 34 NaN
f 941 34 33
f 33 990 NaN
f 33 34 990
f 34 990 NaN
f 34 991 990
f 34 991 NaN
f 991 990 NaN
f 992 977 NaN
f 977 992 993
f 977 993 NaN
f 992 994 993
f 992 993 NaN
f 992 994 NaN
f 992 995 NaN
f 992 996 NaN
f 992 997 996
f 992 977 997
f 992 997 NaN
f 977 997 NaN
f 994 993 NaN
f 992 998 994
f 992 995 998
f 992 998 NaN
f 995 998 NaN
f 992 996 995
f 997 996 NaN
f 994 998 NaN
f 995 996 999
f 995 999 NaN
f 996 999 NaN
f 977 978 997
f 977 1000 978
f 977 993 1000
f 977 1000 NaN
f 993 1000 NaN
f 978 997 NaN
f 1000 978 NaN
f 995 1001 NaN
f 997 978 1002
f 997 1002 NaN
f 978 1002 NaN
f 995 1001 998
f 1001 998 NaN
f 996 997 1003
f 996 1003 NaN
f 997 983 1003
f 997 1003 NaN
f 997 983 NaN
f 997 1002 983
f 1002 984 983
f 1002 983 NaN
f 1002 978 984
f 1002 984 NaN
f 978 980 984
f 978 984 NaN
f 978 1000 980
f 1000 981 980
f 1000 980 NaN
f 1000 981 NaN
f 1000 993 981
f 993 982 981
f 993 981 NaN
f 993 982 NaN
f 993 994 982
f 994 1004 982
f 994 982 NaN
f 994 1004 NaN
f 994 998 1004
f 998 1005 1004
f 998 1004 NaN
f 998 1005 NaN
f 998 1001 1005
f 1001 1006 1005
f 1001 1005 NaN
f 1001 1006 NaN
f 1001 995 1006
f 995 1007 1006
f 995 1006 NaN
f 995 999 1007
f 995 1007 NaN
f 999 1008 1007
f 999 1007 NaN
f 999 1008 NaN
f 999 996 1008
f 996 1003 1008
f 996 1008 NaN
f 983 1003 NaN
f 984 983 NaN
f 1004 982 NaN
f 1005 1004 NaN
f 1006 1007 1005
f 1006 1005 NaN
f 1006 1007 NaN
f 1008 1007 NaN
f 1003 1008 NaN
f 1007 1005 NaN
f 981 979 980
f 981 982 979
f 981 979 NaN
f 1008 1003 1007
f 1003 983 1009
f 1003 1009 NaN
f 983 1009 NaN
f 983 979 1009
f 1005 1009 1004
f 1005 1007 1009
f 1005 1009 NaN
f 1007 1009 NaN
f 1007 1003 1009
f 979 1009 NaN
f 982 1004 979
f 1004 1009 979
f 1004 979 NaN
f 1004 1009 NaN
f 998 1010 NaN
f 1010 1011 NaN
f 1001 1012 NaN
f 1012 1013 NaN
f 999 1014 NaN
f 1014 1015 NaN
f 999 1014 995
f 1014 1001 995
f 1014 995 NaN
f 1014 1001 NaN
f 995 996 NaN
f 995 1001 999
f 1001 1014 999
f 1001 999 NaN
f 1016 978 NaN
f 1016 1017 NaN
f 1016 978 1018
f 1016 1018 NaN
f 978 1018 NaN
f 978 1000 1018
f 1016 1018 1017
f 1000 1018 NaN
f 1018 1017 NaN
f 730 1019 NaN
f 730 1020 NaN
f 730 745 1020
f 730 1021 745
f 730 1019 1021
f 730 1021 NaN
f 1019 1021 NaN
f 745 1020 NaN
f 1021 745 NaN
f 745 744 1020
f 745 1020 1021
f 1020 1021 NaN
f 744 1020 NaN
f 745 1022 NaN
f 1023 162 NaN
f 1023 1024 NaN
f 1023 113 1024
f 1023 113 NaN
f 1023 1025 162
f 1023 1024 1025
f 1023 1025 NaN
f 1024 1025 NaN
f 1024 1026 NaN
f 1024 1027 1026
f 1024 113 1027
f 1024 1027 NaN
f 113 1027 NaN
f 1023 137 113
f 1023 137 NaN
f 162 1028 186
f 162 1028 NaN
f 162 187 1028
f 162 1025 187
f 162 187 NaN
f 1025 1029 187
f 1025 187 NaN
f 1025 1029 NaN
f 1027 1026 NaN
f 1027 113 1030
f 1027 1030 NaN
f 113 1030 NaN
f 113 1031 1030
f 113 1031 NaN
f 162 186 1023
f 186 1028 NaN
f 187 1028 NaN
f 1029 187 NaN
f 1025 1024 1029
f 1024 1029 NaN
f 1027 1030 1026
f 1031 1030 NaN
f 113 137 1031
f 137 1031 NaN
f 1023 1032 NaN
f 1023 1033 1032
f 1023 186 1033
f 1023 1033 NaN
f 186 1033 NaN
f 1028 1034 NaN
f 1028 187 1034
f 187 211 1034
f 187 1034 NaN
f 1024 1035 1029
f 1024 1035 NaN
f 1026 1030 1036
f 1026 1036 NaN
f 1030 1036 NaN
f 1030 1037 NaN
f 1030 1031 1037
f 1031 136 1037
f 1031 1037 NaN
f 1031 136 NaN
f 137 1038 1031
f 137 1038 NaN
f 137 1039 1038
f 137 1023 1039
f 137 1039 NaN
f 1023 1032 1039
f 1023 1039 NaN
f 1032 1033 NaN
f 186 1040 1033
f 186 1028 1040
f 186 1040 NaN
f 1028 1034 1040
f 1028 1040 NaN
f 1034 211 1041
f 1034 1041 NaN
f 211 1041 NaN
f 187 1029 211
f 1029 211 NaN
f 1035 1029 NaN
f 1024 1026 1035
f 1026 1035 NaN
f 1030 1042 1036
f 1030 1037 1042
f 1030 1042 NaN
f 1037 1042 NaN
f 136 1037 NaN
f 1031 160 136
f 1031 1038 160
f 1031 160 NaN
f 1038 1043 160
f 1038 160 NaN
f 1038 1039 1043
f 1038 1043 NaN
f 1039 1043 NaN
f 1032 1033 1039
f 1032 1039 NaN
f 1033 1044 NaN
f 1040 1045 1033
f 1040 1033 NaN
f 1040 1034 1045
f 1040 1045 NaN
f 1034 1045 NaN
f 211 1046 1041
f 211 1046 NaN
f 1029 1047 211
f 1029 1035 1047
f 1029 1047 NaN
f 1035 1047 NaN
f 1035 1026 1048
f 1035 1048 NaN
f 1026 1048 NaN
f 1026 1036 1048
f 1036 1048 NaN
f 1042 1036 NaN
f 1037 135 1042
f 1037 136 135
f 1037 135 NaN
f 136 1049 135
f 136 135 NaN
f 136 1049 NaN
f 136 160 1049
f 1043 160 NaN
f 1039 1044 1043
f 1039 1033 1044
f 1039 1044 NaN
f 1033 1050 1044
f 1033 1045 1050
f 1033 1050 NaN
f 1045 1050 NaN
f 1034 1041 1051
f 1034 1051 NaN
f 1041 1052 1051
f 1041 1051 NaN
f 1041 1052 NaN
f 1041 1046 1052
f 1046 1053 1052
f 1046 1052 NaN
f 1046 211 1053
f 1046 1053 NaN
f 211 235 1053
f 211 1053 NaN
f 1047 211 NaN
f 1035 1054 1047
f 1035 1048 1054
f 1035 1054 NaN
f 1048 1055 1054
f 1048 1054 NaN
f 1048 1055 NaN
f 1048 1056 1055
f 1048 1036 1056
f 1048 1056 NaN
f 1036 1056 NaN
f 1042 135 159
f 1042 159 NaN
f 135 1049 159
f 1049 1057 159
f 1049 159 NaN
f 1049 1057 NaN
f 1049 160 1057
f 160 1057 NaN
f 1044 1058 1043
f 1044 1043 NaN
f 1044 1058 NaN
f 1044 1050 1059
f 1044 1059 NaN
f 1050 1059 NaN
f 1034 1051 1045
f 1052 1051 NaN
f 1053 235 1052
f 1053 1052 NaN
f 1053 235 NaN
f 211 1047 235
f 1047 235 NaN
f 1054 1060 1047
f 1054 1047 NaN
f 1054 1055 1060
f 1054 1060 NaN
f 1055 1061 1060
f 1055 1060 NaN
f 1055 1056 1061
f 1055 1061 NaN
f 1056 446 1061
f 1056 1061 NaN
f 1056 1036 446
f 1056 446 NaN
f 1036 1062 446
f 1036 446 NaN
f 1036 1042 1062
f 1036 1062 NaN
f 1042 1062 NaN
f 1057 159 NaN
f 1043 1063 160
f 1043 1058 1063
f 1043 1063 NaN
f 1058 1063 NaN
f 1044 1059 1058
f 1045 1064 1050
f 1045 1051 1064
f 1045 1064 NaN
f 1051 210 1064
f 1051 1064 NaN
f 1051 210 NaN
f 1052 235 1051
f 235 1051 NaN
f 235 1047 1065
f 235 1065 NaN
f 1047 1065 NaN
f 1047 1060 1065
f 1060 1054 1065
f 1060 1065 NaN
f 1060 1061 1054
f 1061 1054 NaN
f 446 1061 NaN
f 446 1062 1056
f 1062 1056 NaN
f 1042 159 1062
f 159 183 1062
f 159 1062 NaN
f 1057 160 1066
f 1057 1066 NaN
f 160 184 1066
f 160 1066 NaN
f 160 1063 184
f 1063 184 NaN
f 1059 1058 NaN
f 1050 1067 1059
f 1050 1064 1067
f 1050 1067 NaN
f 1064 1067 NaN
f 1064 210 1067
f 210 1067 NaN
f 1051 1068 NaN
f 1051 235 1068
f 235 1069 1068
f 235 1068 NaN
f 235 1069 NaN
f 1065 1054 1070
f 1065 1070 NaN
f 1054 1070 NaN
f 1054 1061 1070
f 1061 1071 1070
f 1061 1070 NaN
f 1061 1056 1071
f 1061 1071 NaN
f 1056 1072 1071
f 1056 1071 NaN
f 1056 1062 1072
f 1056 1072 NaN
f 1062 1072 NaN
f 183 1062 NaN
f 159 1057 183
f 1057 1066 183
f 1057 183 NaN
f 184 1066 NaN
f 1058 1073 1063
f 1058 1059 1073
f 1058 1073 NaN
f 1059 1073 NaN
f 1067 1074 1059
f 1067 1059 NaN
f 1067 1074 NaN
f 1051 1075 210
f 1051 1068 1075
f 1051 1075 NaN
f 1068 1075 NaN
f 1069 1068 NaN
f 235 234 1069
f 235 1065 234
f 1065 234 NaN
f 1070 1071 1076
f 1070 1076 NaN
f 1071 1076 NaN
f 1072 1071 NaN
f 1062 1077 1072
f 1062 1077 NaN
f 1066 183 NaN
f 1063 1078 184
f 1063 1073 1078
f 1063 1078 NaN
f 1073 1078 NaN
f 1059 1074 NaN
f 1067 1079 1074
f 1067 210 1079
f 1067 1079 NaN
f 210 1080 1079
f 210 1079 NaN
f 210 1075 1080
f 210 1080 NaN
f 1075 1080 NaN
f 1068 1069 1075
f 1069 234 1075
f 1069 1075 NaN
f 1069 234 NaN
f 1065 233 234
f 1065 1070 233
f 1065 233 NaN
f 1070 233 NaN
f 1071 1072 1076
f 1072 1076 NaN
f 1077 1072 NaN
f 1062 183 1077
f 183 207 1077
f 183 1077 NaN
f 183 1066 207
f 1066 1081 207
f 1066 207 NaN
f 1066 1081 NaN
f 1066 184 1081
f 184 1082 1081
f 184 1081 NaN
f 184 1078 1082
f 184 1082 NaN
f 1078 1082 NaN
f 1078 1073 1082
f 1073 1082 NaN
f 1059 1074 1073
f 1074 232 NaN
f 1074 209 232
f 1074 1079 209
f 1074 209 NaN
f 1079 209 NaN
f 1080 1079 NaN
f 234 1075 NaN
f 234 233 NaN
f 1076 1072 1083
f 1076 1083 NaN
f 1072 1083 NaN
f 1072 1077 1083
f 1077 1083 NaN
f 207 1077 NaN
f 1081 207 NaN
f 1081 1082 NaN
f 1073 232 1082
f 1073 1074 232
f 1073 232 NaN
f 209 232 NaN
f 1079 1084 209
f 1079 1080 1084
f 1079 1084 NaN
f 1080 1084 NaN
f 1075 234 1080
f 234 233 1080
f 234 1080 NaN
f 1070 1085 233
f 1070 1076 1085
f 1070 1085 NaN
f 1076 1085 NaN
f 1077 1086 1083
f 1077 1086 NaN
f 207 1081 1077
f 1081 1082 1077
f 1081 1077 NaN
f 1082 1087 NaN
f 1082 232 1087
f 1082 232 NaN
f 1084 209 NaN
f 1080 233 1084
f 233 1084 NaN
f 233 1085 1084
f 233 1085 NaN
f 1086 1083 NaN
f 1077 1087 1086
f 1077 1082 1087
f 1077 1087 NaN
f 232 1087 NaN
f 209 1084 232
f 1084 232 NaN
f 1085 1084 NaN
f 1076 1083 1085
f 1086 232 1083
f 1086 1087 232
f 1086 232 NaN
f 1084 1085 232
f 1085 232 NaN
f 1085 1083 232
f 1083 232 NaN
f 162 1088 NaN
f 1088 1028 NaN
f 1088 1028 162
f 162 1025 1028
f 162 1025 NaN
f 1028 1089 NaN
f 1028 1025 187
f 162 1090 NaN
f 162 1040 1090
f 162 1028 1040
f 162 1040 NaN
f 162 1090 1023
f 1040 1090 NaN
f 1090 1023 NaN
f 1025 1035 1029
f 1025 1024 1035
f 1025 1035 NaN
f 1090 1091 1023
f 1090 1040 1091
f 1090 1091 NaN
f 1040 186 1091
f 1040 1091 NaN
f 187 186 1028
f 187 1029 186
f 187 186 NaN
f 1029 186 NaN
f 1024 1091 1029
f 1024 1023 1091
f 1024 1091 NaN
f 1023 1091 NaN
f 1091 186 NaN
f 1029 1091 186
f 1088 1028 1092
f 1088 1092 NaN
f 1028 1092 NaN
f 1088 1092 162
f 1092 1028 1093
f 1092 1093 NaN
f 1028 1093 NaN
f 1028 1088 187
f 1088 187 NaN
f 1088 162 187
f 162 1092 1090
f 1092 1093 1090
f 1092 1090 NaN
f 1028 1089 1093
f 1089 1093 NaN
f 1028 187 1089
f 1093 1090 NaN
f 187 1089 NaN
f 1089 1041 NaN
f 1090 1093 1040
f 1093 1040 NaN
f 1025 1023 1029
f 1023 1029 NaN
f 1090 1040 1023
f 1029 1023 186
f 1023 1091 186
f 1023 186 NaN
f 1023 1040 1091
f 1093 1028 1040
f 1089 1041 1028
f 1041 1028 NaN
f 187 1029 1028
f 1029 186 1028
f 1029 1028 NaN
f 1041 1034 1028
f 1028 1093 1088
f 1089 1094 1093
f 1089 1094 NaN
f 1089 1095 NaN
f 1088 1093 1092
f 1088 1093 NaN
f 1094 1093 NaN
f 1092 162 NaN
f 1089 1095 1094
f 1095 1094 NaN
f 1095 1096 NaN
f 1095 1096 1094
f 1095 1089 1096
f 1089 1096 NaN
f 1089 187 1097
f 1089 1097 NaN
f 187 1097 NaN
f 162 186 187
f 1094 1096 1098
f 1094 1098 NaN
f 1096 1098 NaN
f 1089 1041 1096
f 1041 1096 NaN
f 1096 1041 1098
f 1089 1097 1041
f 1097 1041 NaN
f 162 1040 186
f 1094 1098 1093
f 1098 1093 NaN
f 1098 1041 NaN
f 1093 1098 1028
f 1098 1041 1028
f 1098 1028 NaN
f 1040 1093 186
f 1093 1028 186
f 1093 186 NaN
f 1099 1100 NaN
f 1099 1101 NaN
f 1099 1102 1101
f 1099 1102 NaN
f 1099 1103 1102
f 1099 1103 NaN
f 1099 1100 1103
f 1100 1103 NaN
f 1099 1101 1103
f 1101 1102 NaN
f 1102 1104 NaN
f 1102 1103 1104
f 1103 1104 NaN
f 1103 1101 1105
f 1103 1105 NaN
f 1101 1106 1105
f 1101 1105 NaN
f 1101 1106 NaN
f 1101 1107 NaN
f 1106 1105 NaN
f 1101 1107 1106
f 1101 1108 1107
f 1101 1102 1108
f 1101 1108 NaN
f 1102 1108 NaN
f 1103 1109 NaN
f 1106 1107 1110
f 1106 1110 NaN
f 1107 1110 NaN
f 1108 1107 NaN
f 1108 1102 24
f 1108 24 NaN
f 1102 24 NaN
f 1102 42 24
f 1102 42 NaN
f 1102 1111 42
f 1102 1111 NaN
f 1102 1104 1111
f 1104 1112 1111
f 1104 1111 NaN
f 1104 1112 NaN
f 1104 1113 1112
f 1104 1113 NaN
f 1103 1109 1104
f 1109 1103 1114
f 1109 1114 NaN
f 1103 1114 NaN
f 1103 1105 1114
f 1105 1115 1114
f 1105 1114 NaN
f 1105 1115 NaN
f 1105 1116 1115
f 1105 1106 1116
f 1105 1116 NaN
f 1106 26 1116
f 1106 1116 NaN
f 1106 26 NaN
f 1106 25 26
f 1106 1110 25
f 1106 25 NaN
f 1110 11 25
f 1110 25 NaN
f 1110 11 NaN
f 1110 1107 11
f 1107 2 11
f 1107 11 NaN
f 1107 2 NaN
f 1107 1108 2
f 1108 24 2
f 1108 2 NaN
f 42 1111 24
f 42 1111 NaN
f 1112 1111 NaN
f 1113 1112 NaN
f 1104 1117 1113
f 1104 1109 1117
f 1104 1117 NaN
f 1109 1114 1117
f 1109 1117 NaN
f 1115 1118 1114
f 1115 1114 NaN
f 1115 1118 NaN
f 1115 1116 NaN
f 26 1116 NaN
f 25 26 NaN
f 1111 24 NaN
f 1113 1117 NaN
f 1117 1114 NaN
f 1114 1119 NaN
f 1114 1120 1119
f 1114 1118 1120
f 1114 1120 NaN
f 1118 1120 NaN
f 2 1121 11
f 2 1121 NaN
f 2 1122 1121
f 2 1122 NaN
f 2 24 1122
f 24 1123 1122
f 24 1122 NaN
f 24 1123 NaN
f 24 1111 1123
f 1111 41 1123
f 1111 1123 NaN
f 1111 41 NaN
f 1111 1112 41
f 1112 63 41
f 1112 41 NaN
f 1112 63 NaN
f 1112 1113 63
f 1113 64 63
f 1113 63 NaN
f 1113 1117 64
f 1113 64 NaN
f 1117 1124 64
f 1117 64 NaN
f 1117 1114 1124
f 1117 1124 NaN
f 1114 1119 1124
f 1114 1124 NaN
f 1120 1119 NaN
f 1118 1115 1120
f 1115 44 1120
f 1115 1120 NaN
f 1115 1116 44
f 1115 44 NaN
f 1116 45 44
f 1116 44 NaN
f 1116 45 NaN
f 1116 26 45
f 26 1125 45
f 26 1125 NaN
f 26 1126 1125
f 26 11 1126
f 26 1126 NaN
f 11 1121 1126
f 11 1126 NaN
f 11 1121 NaN
f 1122 1121 NaN
f 1123 1122 NaN
f 41 1127 1123
f 41 1123 NaN
f 41 1127 NaN
f 64 63 NaN
f 1124 64 NaN
f 1119 1124 NaN
f 1119 1120 65
f 1119 65 NaN
f 1120 65 NaN
f 44 45 1120
f 44 1120 NaN
f 44 45 NaN
f 1125 45 NaN
f 1126 1125 NaN
f 1126 1121 1125
f 1121 1125 NaN
f 1121 1126 NaN
f 1122 1128 1121
f 1122 1128 NaN
f 1122 1123 1128
f 1123 1129 1128
f 1123 1128 NaN
f 1123 1129 NaN
f 1123 1127 1129
f 1127 1130 1129
f 1127 1129 NaN
f 1127 41 1130
f 1127 1130 NaN
f 41 1131 1130
f 41 1130 NaN
f 41 1131 NaN
f 41 63 1131
f 63 87 1131
f 63 1131 NaN
f 63 1132 87
f 63 64 1132
f 63 1132 NaN
f 64 1132 NaN
f 64 1124 1132
f 1124 88 1132
f 1124 1132 NaN
f 1124 1119 88
f 1124 88 NaN
f 1119 65 88
f 1119 88 NaN
f 1120 1133 65
f 1120 1133 NaN
f 1120 45 1133
f 45 1134 1133
f 45 1133 NaN
f 45 1134 NaN
f 45 1125 1134
f 1125 1135 1134
f 1125 1134 NaN
f 1125 1135 NaN
f 1125 1126 1135
f 1126 1136 1135
f 1126 1135 NaN
f 1126 1121 1136
f 1126 1136 NaN
f 1121 1137 1136
f 1121 1136 NaN
f 1121 1137 NaN
f 1121 1128 1137
f 1128 1137 NaN
f 1129 1128 NaN
f 1130 1129 NaN
f 1131 1130 NaN
f 87 1132 1131
f 87 1131 NaN
f 87 1132 NaN
f 88 1132 NaN
f 65 88 NaN
f 1133 65 NaN
f 1133 1134 1138
f 1133 1138 NaN
f 1134 1138 NaN
f 1135 1134 NaN
f 1136 1135 NaN
f 1137 1136 NaN
f 1129 1139 1128
f 1129 1139 NaN
f 1129 374 1139
f 1129 1130 374
f 1129 374 NaN
f 1130 1140 374
f 1130 374 NaN
f 1130 1140 NaN
f 1130 1131 1140
f 1131 1140 NaN
f 1131 1132 1140
f 1132 1141 1140
f 1132 1140 NaN
f 1132 1141 NaN
f 1132 88 1141
f 88 1142 1141
f 88 1141 NaN
f 88 65 1142
f 88 1142 NaN
f 65 1142 NaN
f 65 1133 89
f 1133 1143 89
f 1133 89 NaN
f 1133 1138 1143
f 1133 1143 NaN
f 1138 1143 NaN
f 1138 1134 1143
f 1134 1143 NaN
f 1134 1144 1143
f 1134 1144 NaN
f 1134 1135 1144
f 1135 1145 1144
f 1135 1144 NaN
f 1135 1145 NaN
f 1135 1136 1145
f 1136 1146 1145
f 1136 1145 NaN
f 1136 1137 1146
f 1136 1146 NaN
f 1137 1146 NaN
f 1137 1128 1146
f 1128 1139 1146
f 1128 1146 NaN
f 1128 1139 NaN
f 374 1139 NaN
f 1140 374 NaN
f 1141 1140 NaN
f 1142 1141 NaN
f 65 89 1142
f 89 1143 1142
f 89 1142 NaN
f 1143 1142 NaN
f 1144 1143 NaN
f 1145 1144 NaN
f 1146 1147 1145
f 1146 1145 NaN
f 1146 1147 NaN
f 1139 1146 NaN
f 374 1148 1139
f 374 1140 1148
f 374 1148 NaN
f 1140 1148 NaN
f 1144 1147 1143
f 1144 1145 1147
f 1144 1147 NaN
f 1145 1147 NaN
f 1146 1139 1147
f 1139 1147 NaN
f 1139 1148 NaN
f 1140 1149 1148
f 1140 1149 NaN
f 1140 1141 1149
f 1141 1149 NaN
f 1141 1142 1149
f 1142 1143 1150
f 1142 1150 NaN
f 1143 1150 NaN
f 1147 1143 NaN
f 1147 1151 NaN
f 1147 1139 1151
f 1139 1151 NaN
f 1139 1148 1151
f 1148 1149 1151
f 1148 1151 NaN
f 1148 1149 NaN
f 1142 1152 1149
f 1142 1149 NaN
f 1142 1152 NaN
f 1142 1150 1152
f 1143 1151 1150
f 1143 1151 NaN
f 1143 1147 1151
f 1149 1151 NaN
f 1152 1149 NaN
f 1150 1152 NaN
f 1150 1151 NaN
f 1149 1152 1151
f 1152 1151 NaN
f 1152 1150 1151
f 1153 1154 NaN
f 1153 1155 1154
f 1153 1155 NaN
f 1153 1156 1155
f 1153 1156 NaN
f 1154 1155 NaN
f 1156 1155 NaN
f 1154 1157 NaN
f 1154 1158 1157
f 1154 1155 1158
f 1154 1158 NaN
f 1155 1158 NaN
f 1155 1156 1158
f 1156 1159 1158
f 1156 1158 NaN
f 1156 1159 NaN
f 1156 1153 1159
f 1153 1159 NaN
f 1153 1160 1159
f 1153 1160 NaN
f 1153 1154 1160
f 1154 1157 1160
f 1154 1160 NaN
f 1158 1157 NaN
f 1159 1158 NaN
f 1160 1159 NaN
f 1157 1160 NaN
f 1157 1158 1161
f 1157 1161 NaN
f 1158 1100 1161
f 1158 1161 NaN
f 1158 1100 NaN
f 1158 1159 1100
f 1159 1099 1100
f 1159 1100 NaN
f 1159 1099 NaN
f 1159 1160 1099
f 1160 1162 1099
f 1160 1099 NaN
f 1160 1162 NaN
f 1160 1157 1162
f 1157 1161 1162
f 1157 1162 NaN
f 1161 1100 NaN
f 1162 1099 NaN
f 1161 1162 NaN
f 1099 1162 1101
f 1162 1102 1101
f 1162 1101 NaN
f 1162 1102 NaN
f 1162 1161 1102
f 1161 1104 1102
f 1161 1102 NaN
f 1161 1104 NaN
f 1161 1100 1104
f 1100 1103 1104
f 1100 1104 NaN
f 1101 1103 NaN
f 1103 1163 NaN
f 1101 1102 10
f 1101 10 NaN
f 1102 42 10
f 1102 10 NaN
f 1102 1104 42
f 1104 1113 42
f 1104 42 NaN
f 1104 1103 1113
f 1103 1163 1113
f 1103 1113 NaN
f 1103 1101 1163
f 1101 10 1163
f 1101 1163 NaN
f 1113 42 NaN
f 1113 1163 NaN
f 10 1163 NaN
f 1163 43 NaN
f 10 1164 NaN
f 10 42 1164
f 42 1164 NaN
f 42 1165 1164
f 42 1165 NaN
f 42 1113 1165
f 1113 1165 NaN
f 1113 64 1165
f 1113 43 64
f 1113 1163 43
f 1113 43 NaN
f 1163 1164 43
f 1163 1164 NaN
f 1163 10 1164
f 1165 1164 NaN
f 1165 64 1164
f 64 1164 NaN
f 64 43 1164
f 43 1164 NaN
f 1166 1167 NaN
f 1166 1153 1167
f 1166 1153 NaN
f 1167 1154 NaN
f 1167 1153 1154
f 1166 1168 NaN
f 1166 1167 1168
f 1167 1169 1168
f 1167 1168 NaN
f 1167 1169 NaN
f 1169 1168 NaN
f 1166 1170 1153
f 1166 1170 NaN
f 1153 1170 1171
f 1153 1171 NaN
f 1170 1171 NaN
f 1166 1168 1170
f 1168 1170 NaN
f 1168 1169 1172
f 1168 1172 NaN
f 1169 1172 NaN
f 1153 1171 1156
f 1168 1173 1170
f 1168 1173 NaN
f 1169 1174 1172
f 1169 1174 NaN
f 1171 1156 NaN
f 1173 1170 NaN
f 1174 1172 NaN
f 1167 1154 1175
f 1167 1175 NaN
f 1154 1157 1175
f 1154 1175 NaN
f 1154 1155 1157
f 1155 1158 1157
f 1155 1157 NaN
f 1156 1171 1159
f 1171 1176 1159
f 1171 1159 NaN
f 1171 1176 NaN
f 1171 1170 1176
f 1170 1177 1176
f 1170 1176 NaN
f 1170 1177 NaN
f 1170 1173 1177
f 1173 1178 1177
f 1173 1177 NaN
f 1173 1168 1178
f 1173 1178 NaN
f 1168 1179 1178
f 1168 1178 NaN
f 1168 1179 NaN
f 1168 1172 1179
f 1172 1180 1179
f 1172 1179 NaN
f 1172 1180 NaN
f 1172 1174 1180
f 1174 1181 1180
f 1174 1180 NaN
f 1174 1169 1181
f 1174 1181 NaN
f 1169 1182 1181
f 1169 1181 NaN
f 1169 1182 NaN
f 1169 1167 1182
f 1167 1175 1182
f 1167 1182 NaN
f 1157 1175 NaN
f 1159 1176 1160
f 1176 1160 NaN
f 1177 1176 NaN
f 1178 1179 1177
f 1178 1177 NaN
f 1178 1179 NaN
f 1180 1179 NaN
f 1181 1182 1180
f 1181 1180 NaN
f 1181 1182 NaN
f 1175 1182 NaN
f 1176 1177 1160
f 1177 1160 NaN
f 1177 1179 1183
f 1177 1183 NaN
f 1179 1183 NaN
f 1180 1182 1179
f 1182 1179 NaN
f 1177 1183 1160
f 1158 1159 1157
f 1159 1160 1157
f 1159 1157 NaN
f 1183 1160 NaN
f 1179 1182 1183
f 1182 1175 1183
f 1182 1183 NaN
f 1157 1160 1175
f 1175 1183 NaN
f 1175 1160 1183
f 1173 1168 1184
f 1173 1184 NaN
f 1168 1184 NaN
f 1168 1172 1184
f 1172 1184 NaN
f 1168 1173 1166
f 1173 1170 1166
f 1173 1166 NaN
f 1184 1172 1185
f 1184 1185 NaN
f 1172 1186 1185
f 1172 1185 NaN
f 1172 1186 NaN
f 1186 1185 NaN
f 1170 1153 NaN
f 1185 1186 1184
f 1186 1172 1184
f 1186 1184 NaN
f 1172 1168 1174
f 1168 1169 1174
f 1168 1174 NaN
f 1168 1166 1169
f 1172 1174 1186
f 1174 1187 1186
f 1174 1186 NaN
f 1174 1187 NaN
f 1169 1166 1167
f 1187 1186 NaN
f 1166 1169 NaN
f 1186 1187 1172
f 1187 1174 1172
f 1187 1172 NaN
f 1186 1188 NaN
f 1186 1187 1188
f 1187 1188 NaN
f 1187 1189 1188
f 1187 1189 NaN
f 1189 1188 NaN
f 1169 1190 NaN
f 1169 1191 1174
f 1169 1191 NaN
f 1169 1190 1191
f 1169 1167 1190
f 1167 1190 NaN
f 1174 1191 NaN
f 1190 1191 NaN
f 1190 1167 1192
f 1190 1192 NaN
f 1167 1192 NaN
f 1174 1191 1187
f 1191 1187 NaN
f 1187 1193 NaN
f 1194 1195 NaN
f 1194 1156 1195
f 1194 1156 NaN
f 1194 1155 1156
f 1194 1155 NaN
f 1195 1156 NaN
f 1194 1196 NaN
f 1194 1195 1196
f 1195 1197 1196
f 1195 1196 NaN
f 1195 1197 NaN
f 1197 1196 NaN
f 1155 1154 1156
f 1156 1154 1153
f 1154 1156 NaN
f 1196 1197 1194
f 1197 1195 1194
f 1197 1194 NaN
f 1156 1155 1195
f 1155 1194 1195
f 1155 1195 NaN
f 737 1198 NaN
f 737 1199 NaN
f 1198 1200 NaN
f 1198 737 1200
f 737 1200 NaN
f 737 752 1200
f 737 753 752
f 737 1199 753
f 737 753 NaN
f 1199 753 NaN
f 752 1200 NaN
f 753 752 NaN
f 752 738 1200
f 752 1201 751
f 752 1200 1201
f 752 1201 NaN
f 1200 1201 NaN
f 738 1200 NaN
f 1201 751 NaN
f 799 800 NaN
f 1202 1203 NaN
f 1202 1204 1203
f 1202 1204 NaN
f 1202 1205 1204
f 1202 1205 NaN
f 1202 1206 NaN
f 1202 1207 1206
f 1202 1203 1207
f 1202 1207 NaN
f 1203 1207 NaN
f 1203 1204 NaN
f 1205 1204 NaN
f 1202 1206 1205
f 1207 1206 NaN
f 1203 1204 1207
f 1205 1206 1208
f 1205 1208 NaN
f 1206 1208 NaN
f 1207 1204 1209
f 1207 1209 NaN
f 1204 1209 NaN
f 1204 1210 NaN
f 1204 1205 1210
f 1205 1211 1210
f 1205 1210 NaN
f 1205 1211 NaN
f 1206 1212 1208
f 1206 1212 NaN
f 1206 1207 1212
f 1207 216 1212
f 1207 1212 NaN
f 1207 216 NaN
f 1207 1209 216
f 1204 1210 1209
f 1211 1210 NaN
f 1205 1208 1211
f 1208 1213 NaN
f 1208 1212 1213
f 1212 1213 NaN
f 216 1212 NaN
f 216 1209 240
f 1209 240 NaN
f 1209 1210 264
f 1209 264 NaN
f 1210 264 NaN
f 1211 1214 NaN
f 1211 1208 1214
f 1208 1214 NaN
f 1208 1213 262
f 1208 262 NaN
f 1213 262 NaN
f 1212 1215 1213
f 1212 1215 NaN
f 1212 216 1215
f 216 1216 1215
f 216 1215 NaN
f 216 1216 NaN
f 216 240 1216
f 240 1216 NaN
f 1209 1217 240
f 1209 264 1217
f 1209 1217 NaN
f 264 1217 NaN
f 264 1210 286
f 1210 286 NaN
f 1210 1211 286
f 1211 285 286
f 1211 286 NaN
f 1211 285 NaN
f 1211 1214 285
f 1214 285 NaN
f 1208 262 1214
f 1213 1215 262
f 1213 1215 NaN
f 1216 1215 NaN
f 240 1217 1216
f 240 1217 NaN
f 264 1218 1217
f 264 286 1218
f 264 1218 NaN
f 286 1218 NaN
f 285 286 NaN
f 1214 1219 285
f 1214 1219 NaN
f 1214 262 1219
f 1214 262 NaN
f 262 1215 1220
f 262 1220 NaN
f 1215 1220 NaN
f 1216 1221 NaN
f 1216 1217 1221
f 1217 1221 NaN
f 1217 1218 NaN
f 286 1222 1218
f 286 285 1222
f 286 1222 NaN
f 285 1223 1222
f 285 1222 NaN
f 285 1223 NaN
f 285 1219 1223
f 285 1219 NaN
f 262 1219 NaN
f 262 1220 1224
f 262 1224 NaN
f 1220 1224 NaN
f 1220 1215 1225
f 1220 1225 NaN
f 1215 1225 NaN
f 1215 1216 1225
f 1216 1226 1225
f 1216 1225 NaN
f 1216 1226 NaN
f 1216 1221 1226
f 1221 1226 NaN
f 1217 1227 1221
f 1217 1218 1227
f 1217 1227 NaN
f 1218 1227 NaN
f 1218 1228 NaN
f 1218 1222 1228
f 1222 1228 NaN
f 1222 1223 1228
f 1223 1229 1228
f 1223 1228 NaN
f 1223 1229 NaN
f 1223 1219 1229
f 1219 1229 NaN
f 1219 262 1224
f 1219 1224 NaN
f 1220 1230 1224
f 1220 1225 1230
f 1220 1230 NaN
f 1225 1230 NaN
f 1226 1225 NaN
f 1221 1231 1226
f 1221 1231 NaN
f 1221 1227 1231
f 1221 1227 NaN
f 1218 1232 1227
f 1218 1228 1232
f 1218 1232 NaN
f 1228 1232 NaN
f 1229 1228 NaN
f 1229 1219 1233
f 1229 1233 NaN
f 1219 1233 NaN
f 1219 1224 1233
f 1224 1233 NaN
f 1224 1230 NaN
f 1226 1231 NaN
f 1227 1231 NaN
f 1227 1232 NaN
f 1228 1229 1232
f 1229 1233 1232
f 1229 1232 NaN
f 1224 1230 1234
f 1224 1234 NaN
f 1230 1234 NaN
f 1225 1226 1230
f 1226 1231 1230
f 1226 1230 NaN
f 1227 1235 1231
f 1227 1232 1235
f 1227 1235 NaN
f 1232 1235 NaN
f 1233 1232 NaN
f 1233 1224 1234
f 1233 1234 NaN
f 1230 1231 1236
f 1230 1236 NaN
f 1231 1236 NaN
f 1231 1235 NaN
f 1230 1236 1234
f 1236 1234 NaN
f 1236 1231 1234
f 1231 1234 NaN
f 1231 1235 1234
f 1232 1234 1235
f 1232 1233 1234
f 1232 1234 NaN
f 1235 1234 NaN
f 1237 1238 NaN
f 1237 1206 1238
f 1237 1206 NaN
f 1237 1202 1206
f 1237 1202 NaN
f 1237 1205 1202
f 1237 1205 NaN
f 1237 1239 1205
f 1237 1239 NaN
f 1237 1238 1239
f 1238 1206 NaN
f 1239 1205 NaN
f 1239 1238 1240
f 1239 1240 NaN
f 1238 1240 NaN
f 1238 239 1240
f 1238 239 NaN
f 1238 1241 239
f 1238 1241 NaN
f 1238 1212 1241
f 1238 1206 1212
f 1238 1212 NaN
f 1206 1213 1212
f 1206 1213 NaN
f 1206 1208 1213
f 1205 1239 1211
f 1239 1211 NaN
f 1239 1242 1211
f 1239 1242 NaN
f 1240 239 NaN
f 1241 239 NaN
f 1241 1212 239
f 1212 1213 239
f 1212 239 NaN
f 1208 1205 1214
f 1205 1214 NaN
f 1205 1211 1214
f 1242 1211 NaN
f 1239 1243 1242
f 1239 1240 1243
f 1239 1243 NaN
f 1240 1243 NaN
f 1240 1244 NaN
f 1240 261 1244
f 1240 239 261
f 1240 261 NaN
f 239 1245 NaN
f 239 1213 1245
f 1213 1215 1245
f 1213 1245 NaN
f 1208 263 1213
f 1208 263 NaN
f 1208 1214 263
f 1211 305 1214
f 1211 305 NaN
f 1211 1242 305
f 1242 304 305
f 1242 305 NaN
f 1242 304 NaN
f 1242 1243 304
f 1242 1243 NaN
f 1243 1240 1244
f 1243 1244 NaN
f 1244 261 NaN
f 239 1245 262
f 1215 1245 NaN
f 1213 263 1215
f 1213 263 NaN
f 1214 263 NaN
f 1214 305 285
f 304 1243 284
f 1243 284 NaN
f 1243 1244 284
f 1244 284 NaN
f 261 1246 NaN
f 262 1247 261
f 262 261 NaN
f 262 1245 1247
f 262 1247 NaN
f 1245 1247 NaN
f 1245 1215 1247
f 1215 1220 1247
f 1215 1247 NaN
f 1215 263 1220
f 263 1220 NaN
f 263 1214 1219
f 263 1219 NaN
f 285 304 1223
f 304 1248 1223
f 304 1223 NaN
f 304 284 1248
f 304 1248 NaN
f 284 1248 NaN
f 1244 1246 284
f 1244 261 1246
f 1244 1246 NaN
f 261 1249 1246
f 261 1247 1249
f 261 1249 NaN
f 1247 1249 NaN
f 1247 1250 NaN
f 1247 1220 1250
f 1220 1225 1250
f 1220 1250 NaN
f 263 1224 1220
f 263 1219 1224
f 263 1224 NaN
f 1248 1223 NaN
f 284 1251 1248
f 284 1246 1251
f 284 1251 NaN
f 1246 1251 NaN
f 1246 1249 NaN
f 1247 1252 1249
f 1247 1252 NaN
f 1247 1253 1252
f 1247 1253 NaN
f 1247 1250 1253
f 1250 1253 NaN
f 1225 1250 NaN
f 1219 1229 1224
f 1223 1248 1229
f 1248 1229 NaN
f 1248 1254 NaN
f 1248 1251 1254
f 1251 1254 NaN
f 1251 1246 1254
f 1246 1255 1254
f 1246 1254 NaN
f 1246 1255 NaN
f 1246 1249 1255
f 1249 1256 NaN
f 1249 1252 1256
f 1252 1253 1256
f 1252 1256 NaN
f 1252 1253 NaN
f 1250 1225 1253
f 1225 1230 1253
f 1225 1253 NaN
f 1224 1233 1230
f 1224 1229 1233
f 1229 1248 1257
f 1229 1257 NaN
f 1248 1258 1257
f 1248 1257 NaN
f 1248 1254 1258
f 1248 1258 NaN
f 1254 1258 NaN
f 1255 1256 1254
f 1255 1254 NaN
f 1255 1249 1256
f 1255 1256 NaN
f 1253 1259 1256
f 1253 1256 NaN
f 1253 1259 NaN
f 1230 1253 NaN
f 1230 1233 1234
f 1229 1260 1233
f 1229 1260 NaN
f 1229 1257 1260
f 1258 1257 NaN
f 1254 1261 1258
f 1254 1261 NaN
f 1254 1256 1261
f 1254 1256 NaN
f 1256 1259 NaN
f 1253 1230 1259
f 1230 1259 NaN
f 1230 1234 1259
f 1233 1260 NaN
f 1257 1260 NaN
f 1257 1261 1260
f 1257 1258 1261
f 1257 1261 NaN
f 1258 1261 NaN
f 1256 1261 NaN
f 1256 1259 1262
f 1256 1262 NaN
f 1259 1262 NaN
f 1234 1259 NaN
f 1233 1263 1234
f 1233 1260 1263
f 1233 1263 NaN
f 1260 1263 NaN
f 1261 1260 NaN
f 1256 1262 1261
f 1234 1263 1259
f 1234 1263 NaN
f 1261 1262 NaN
f 1259 1263 1262
f 1263 1262 NaN
f 1263 1260 1262
f 1260 1262 NaN
f 1260 1261 1262
f 1264 1266 1265
f 1264 1265 NaN
f 1264 1266 NaN
f 1264 1267 NaN
f 1264 1238 1267
f 1264 1238 NaN
f 1264 1265 1238
f 1265 1237 1238
f 1265 1238 NaN
f 1265 1266 1237
f 1265 1237 NaN
f 1266 1237 NaN
f 1265 1266 NaN
f 1264 190 NaN
f 1267 1238 NaN
f 1265 1264 214
f 1265 214 NaN
f 1264 214 NaN
f 1264 190 214
f 1264 1267 214
f 1267 1241 214
f 1267 214 NaN
f 1267 1238 1241
f 1267 1241 NaN
f 1266 1268 1237
f 1266 1268 NaN
f 1241 214 NaN
f 1238 1237 1240
f 1237 1239 1240
f 1237 1240 NaN
f 1237 1268 1239
f 1268 1239 NaN
f 1266 1265 1268
f 1265 1269 1268
f 1265 1268 NaN
f 1265 1269 NaN
f 1265 237 NaN
f 1265 238 237
f 1265 214 238
f 1265 238 NaN
f 214 1270 NaN
f 214 1241 1270
f 1241 1270 NaN
f 1269 1268 NaN
f 1265 237 1269
f 237 238 1271
f 237 1271 NaN
f 238 1271 NaN
f 238 214 1271
f 214 1271 NaN
f 214 1272 238
f 214 1270 1272
f 214 1272 NaN
f 1270 1272 NaN
f 1241 1245 1270
f 1241 1245 NaN
f 1241 239 1245
f 1239 1268 1242
f 1268 1273 1242
f 1268 1242 NaN
f 1268 1273 NaN
f 1268 1244 1273
f 1268 1269 1244
f 1268 1244 NaN
f 1269 1244 NaN
f 1269 237 1244
f 1269 237 NaN
f 1271 1274 NaN
f 238 1272 1271
f 238 1272 NaN
f 1270 1245 1272
f 1270 1245 NaN
f 239 1240 262
f 1240 1243 262
f 1240 262 NaN
f 1242 1273 1243
f 1273 1243 NaN
f 1273 1242 NaN
f 1273 1244 NaN
f 1244 237 260
f 1244 260 NaN
f 237 1271 260
f 1271 1274 260
f 1271 260 NaN
f 1271 1275 1274
f 1271 1272 1275
f 1271 1275 NaN
f 1272 1276 1275
f 1272 1275 NaN
f 1272 1276 NaN
f 1245 1272 NaN
f 1245 239 1247
f 239 1247 NaN
f 239 262 1247
f 1243 262 NaN
f 1243 1242 284
f 1242 284 NaN
f 1242 1273 284
f 1273 283 284
f 1273 284 NaN
f 1273 283 NaN
f 1273 1244 283
f 1244 283 NaN
f 1244 260 283
f 260 1274 NaN
f 1274 1277 NaN
f 1274 1275 1277
f 1274 1275 NaN
f 1276 1275 NaN
f 1272 1278 1276
f 1272 1278 NaN
f 1272 1245 1278
f 1245 1250 1278
f 1245 1278 NaN
f 1245 1250 NaN
f 1245 1247 1250
f 262 1251 1247
f 262 1251 NaN
f 262 1243 1251
f 1243 1251 NaN
f 1243 284 1251
f 283 284 NaN
f 260 1277 283
f 260 1274 1277
f 260 1277 NaN
f 1277 1275 1279
f 1277 1279 NaN
f 1275 1279 NaN
f 1275 1249 1279
f 1275 1276 1249
f 1275 1249 NaN
f 1276 1249 NaN
f 1276 1278 NaN
f 1250 1278 NaN
f 1250 1247 1278
f 1247 1278 NaN
f 1247 1251 1252
f 1251 1252 NaN
f 284 1280 1248
f 284 283 1280
f 284 1280 NaN
f 283 1280 NaN
f 283 1246 1280
f 283 1277 1246
f 283 1246 NaN
f 1277 1246 NaN
f 1279 1249 NaN
f 1276 1281 1249
f 1276 1278 1281
f 1276 1281 NaN
f 1278 1281 NaN
f 1278 1250 1281
f 1250 1253 1281
f 1250 1281 NaN
f 1251 1254 1252
f 1248 1280 1254
f 1280 1255 1254
f 1280 1254 NaN
f 1280 1255 NaN
f 1280 1246 1255
f 1246 1277 1255
f 1277 1255 NaN
f 1277 1279 1255
f 1279 1255 NaN
f 1279 1249 1282
f 1279 1282 NaN
f 1249 1282 NaN
f 1281 1249 NaN
f 1253 1281 NaN
f 1252 1254 1256
f 1255 1279 1282
f 1255 1282 NaN
f 1249 1283 1282
f 1249 1281 1283
f 1249 1283 NaN
f 1281 1283 NaN
f 1281 1253 1283
f 1253 1259 1283
f 1253 1283 NaN
f 1253 1252 1259
f 1252 1259 NaN
f 1252 1256 1259
f 1254 1255 1258
f 1255 1284 1258
f 1255 1258 NaN
f 1255 1284 NaN
f 1283 1282 NaN
f 1259 1283 NaN
f 1258 1284 1261
f 1284 1285 1261
f 1284 1261 NaN
f 1284 1285 NaN
f 1284 1255 1285
f 1255 1285 NaN
f 1255 1282 1285
f 1282 1285 NaN
f 1261 1285 NaN
f 1282 1283 1285
f 1283 1286 1285
f 1283 1285 NaN
f 1283 1286 NaN
f 1283 1259 1286
f 1259 1286 NaN
f 1259 1256 1286
f 1256 1285 1286
f 1256 1286 NaN
f 1256 1261 1285
f 1256 1285 NaN
f 1286 1285 NaN
